abbreviations,1name_of_disease,acuity_of_condition,PMH_include,followup_labs,comparison_followup_labs,current_labs,comparison_current_labs,other_assessment,other_plan,associated_conditions,check_missing_labs
,"Abdominal abscess, Intra-abdominal abscess",acute,,,,"WBC, LACTATE",WBC,CT abdomen showing ***,"Start Rx with ***, Surgery consult, Blood cultures",,"WBC, LACTATE"
,Abdominal compartment syndrome,acute,,,,,,,,,
,Abdominal pain,acute,,,,"AST, ALT, ALP, LIPASE, LACTATE",,CT abdomen showing ***,"NPO and IV fluids, Analgesia and antiemetrics, Serial abdominal exams","Chronic pancreatitis, Ascites",
,Accidental hypothermia,acute,,,,,,,,,
,"Acetaminophen overdose, tylenol overdose",acute,,"HEPAIGM, HEPBCORIGM, HEPBSAG, HEPCAB",,"AST, ALT, INR, ACETAMINOPHE, SALICYLATE, LACTATE, ETHANOL, GLUCOSE, HEPAIGM, HEPBCORIGM, HEPBSAG, HEPCAB",,"Amount of tylenol ingested: ***,  Intentional overdose ***","Start NAC, GI consult, Monitor liver enzymes",,"ACETAMINOPHE, SALICYLATE, LACTATE, ETHANOL, HEPAIGM, HEPBCORIGM, HEPBSAG, HEPCAB"
,Acute abdomen,acute,,,,,,,,,
,Acute appendicitis,acute,,,,,,,,,
,Acute aspiration,acute,,,,,,,,,
,"Acute asthma exacerbation, Asthma exacerbation",acute,,,,"PHBLOODPOC, PO2POC, PCO2POC, O2SATPOC, CO2, INFLUENZAA, INFLUENZAB, COVID19, RSVAG",,"C/o ***, CXR showing ***, PFTs ***, Previous Sputum Cx ***,Smoking history: [pack-year] ***","IV Methylprednisolone, Albuterol/Ipratropium nebs, O2 supp., SpO2 target ~ 90s, Start Treat. with ***, Telemetry monitoring",,
,Acute bronchitis,acute,,,,,,,,,
,Acute cervical spine trauma,acute,,,,,,,,,
,Acute cholangitis,acute,,,,"WBC, LACTATE, AST, ALT, ALKPHOS, BILITOTAL",,"CT abdomen showing ***, Transabdominal ultrasound","Start Treat. with ***,Blood cultures, NPO and IV fluids, GI/Surgery consult ***",,
,Acute conjunctivitis,acute,,,,,,,,,
CAD,Coronary artery disease,chronic,x,,,,,,,,
ACS,Acute coronary syndrome,acute,,,,,,"ECG showing ***, CXR showing ***, Last echocardiogram showing ***, Last stress test showing ***, Last LHC ***",,,
,Acute cystitis,acute,,,,,,,,,
,,,,,,,,,,,
,Acute disseminated demyelination,acute,,,,,,,,,
,Acute epididymitis,acute,,,,,,,,,
,Acute headache,acute,,,,,,,,,
,,,,,,,,,,,
,Acute hypernatremia,acute,,,,"NA, GLUCOSE",NA,,"Hypotonic IV ***, Urine electrolytes and Osm, Serial Sod. check",,
ALF,"Acute liver failure, acute hepatic failure",acute,,,,"(AST, ALT, INR), (ACETAMINOPHE, LACTATE)","AST, ALT",Hepatic encephalopathy ***,"Gastroenterology consult, Trend liver enzymes","Hemochromatosis, Wilson disease","ACETAMINOPHE, LACTATE"
ALI,Acute lung injury,acute,,,,,,,,,
AMI,Acute mesenteric ischemia,acute,,,,"(BUN, HCT), (WBC, LACTATE)",,CTA abdomen showing ***,"NPO and IV fluids, NG tube, Vascular surgery consult, Trend lactic acid, Pain control, IV heparin [discussed with vascular surgery], IV antibiotics ***","atrial fibrillation, atrial flutter, LV thrombus, APLAS, PV",LACTATE
,Acute mountain sickness,acute,,,,,,,,,
AOM,Acute otitis media,acute,,,,,,,,,
,,,,,,,,,,,
,Acute pharyngitis,acute,,,,,,,,,
,Acute prostatitis,acute,,,,,,,,,
,Acute pyelonephritis,acute,,,,"WBC, LACTATE",,"CT abdomen showing ***, Transabdominal US showing ***","Start Treat. with, Urine culture, Blood culture, Analgesia",,
ARDS,Acute respiratory distress syndrome,acute,,,,,,,,,
,Acute respiratory failure,acute,,,,,,,,,
,Acute sinusitis,acute,,,,,,,,,
,Acute stress disorder,acute,,,,,,,,,
ATN,Acute tubular necrosis,acute,,,,,,,,,
,Acute varicella-zoster,acute,,,,,,,,,
,Adrenal crisis,acute,,,,,,,,,
,Air embolism,acute,,,,,,,,,
,Air sickness,acute,,,,,,,,,
,Alcohol withdrawal,acute,,,"VITAMINB12, FOLATE","(NA, K, MG),( ALT, AST, BILITOTAL), (INR, LIPASE), (ETHANOL)",,"Alcohol amount ***, Last drink ***, H/o *** alcohol withdrawal or seizure or delirum, Other substance use: ***","Ativan per CIWA, Urine drug screen, Seizure precautions, NPO [severe withdrawal*** due to risk of aspiration], folic acid and thiamine",,"MG, PO4, K"
,Alcoholic hepatitis,acute,,,,"ALT, AST",,,,alcohol use disorder,
,Allergic reaction,acute,,,,,,,,,
,"Altered mental status, Mental status changes",acute,,TSH,,"WBC, (NA, OSMOLALITY, CA, CREAT), (AMMONIA, PCO2POC), (ETHANOL, SALICYLATE, ACETAMINOPHE), (WBCU, NITRITE)",,"CT head showing ***, EKG QTc *** and QRS duration ***",,"Urinary tract infection, pneumonia, sepsis",
,Amaurosis fugax,acute,x,,,,,,,,
,Amphetamine toxicity,acute,,,,,,,,,
,Amygdalin ingestion,acute,,,,,,,,,
,Anal fissure,acute,,,,,,,,,
,Anaphylaxis,acute,,,,,,,,,
,Anaplasmosis,acute,,,,"PLT, AST, ALT, NA",,,"Start doxycycline, Tick-panel PCR",,
,Animal bites,acute,,,,,,,,,
,Ankle fractures,acute,,,,,,,,,
,Ankle sprains,acute,,,,,,,,,
,Anorectal abscess,acute,,,,,,,,,
,Anserine bursitis,acute,,,,,,,,,
ACL injury,Anterior cruciate ligament injury,acute,,,,,,,,,
,Anthrax,acute,,,,,,,,,
,Antibiotic-associated colitis,acute,,,,,,,,,
,Anticholinergic ingestion,acute,,,,,,,,,
,Anxiolytic overdose,acute,,,,,,,,,
,Aortic dissection,acute,,,,,,,,,
,Arm fracture,acute,,,,,,,,,
,Arterial gas embolism,acute,,,,,,,,,
,Ascariasis,acute,,,,,,,,,
,Aseptic meningitis,acute,,,,,,,,,
,Aspiration pneumonia,acute,,,,,,,,,
,"Aspirin overdose, Salicylate overdose",acute,,,,"(SALICYLATE, ACETAMINOPHE, ETHANOL)",,,"Alkalinization of urine, Urine pH q2Hr goal 7.5-8, Salicylate levels every 2Hr until it is falling, repeat BMP [look for hypokalemia]",suicidal ideation,
,Asystole,acute,,,,,,,,,
,Ataxia,acute,,,,,,,,,
,Athlete's foot,acute,,,,,,,,,
,,,,,,,,,,,
,Atrophic vaginitis,acute,,,,,,,,,
,Atypical pneumonia,acute,,,,,,,,,
,Babesiosis,acute,,,,,,,,,
,Bacillus anthracis,acute,,,,,,,,,
,Bacterial meningitis,acute,,,,,,,,,
,Bacterial vaginosis,acute,,,,,,,,,
,Bacteriuria,acute,,,,,,,,,
,Balanitis,acute,,,,,,,,,
,Balanoposthitis,acute,,,,,,,,,
,Bartonella infection,acute,,,,,,,,,
,Bat bite,acute,,,,,,,,,
,Bed bugs,acute,,,,,,,,,
,Bed sore,acute,,,,,,,,,
,Bee sting,acute,,,,,,,,,
,"Bell's palsy, Facial nerve palsy",acute,,,,,,,,,
,Benzodiazepine overdose,acute,,,,,,,,,
,Biliary colic,acute,,,,,,,,,
,Bladder infection,acute,,,,,,,,,
,Blepharitis,acute,,,,,,,,,
,Blindness,acute,,,,,,,,,
,Blowout fracture,acute,,,,,,,,,
,"Bordetella pertussis, Whooping cough",acute,,,,,,,,,
,Borreliosis,acute,,,,,,,,,
,Botulism,acute,,,,,,,,,
,Brachial plexus injury,acute,,,,,,,,,
,Bradycardia,acute,,,,,,,,,
,Brain abscess,acute,,,,,,,,,
,Breast abscess,acute,,,,,,,,,
,Breast mass,acute,,,,,,,,,
,Breech presentation,acute,,,,,,,,,
,Brucellosis,acute,,,,,,,,,
,Campylobacter infection,acute,,,,,,,,,
,Candida vaginitis,acute,,,,,,,,,
,Candidal meningitis,acute,,,,,,,,,
,Carbon monoxide poisoning,acute,,,,,,,,,
,Cardiac arrest,acute,,,,,,,,,
,"Cardiac glycoside ingestion, digoxin toxicity, digoxin overdose",acute,,,,,,,,,
,Cardiac tamponade,acute,,,,,,,,,
,Cardiogenic shock,acute,,,,,,,,,
,Cat bite,acute,,,,,,,,,
,Cauda equina syndrome,acute,,,,,,,,,
,Cavernous sinus thrombosis,acute,,,,,,,,,
,,acute,,,,,,,,,
,Central airway obstruction,acute,,,,,,,,,
,Cervicitis,acute,,,,,,,,,
,Chagas disease,acute,,,,,,,,,
,Chancroid,acute,,,,,,,,,
,Chest pain,acute,,,,,,,,,
,Chickenpox,acute,,,,,,,,,
,Chikungunya virus,acute,,,,,,,,,
,"Chlamydia pneumoniae infection, Chlamydophila pneumoniae",acute,,,,,,,,,
,Chlamydia trachomatis,acute,,,,,,,,,
,Cholera,acute,,,,,,,,,
,Clostridium botulinum,acute,,,,,,,,,
,Cocaine toxicity,acute,,,,,,,,,
,Coccidioidal meningitis,acute,,,,,,,,,
,Colles fracture,acute,,,,,,,,,
,Colonic obstruction,acute,,,,,,,,,
,Coma,acute,,,,,,,,,
,Common cold,acute,,,,,,,,,
,Common cutaneous drug reactions,acute,,,,,,,,,
,Common toxic plant ingestions,acute,,,,,,,,,
CAP,Pneumonia,acute,,,,,,,,,
,Compartment syndrome of extremities,acute,,,,,,,,,
,Concussion,acute,,,,,,,,,
,Coral snake bite,acute,,,,,,,,,
,Corneal abrasions,acute,,,,,,,,,
,Corneal inflammation,acute,,,,,,,,,
,Coronaviruses,acute,,,,,,,,,
,Coxiella burnetii infection,acute,,,,,,,,,
,Coxsackievirus infections,acute,,,,,,,,,
,Crotaline snake bite,acute,,,,,,,,,
,Croup,acute,,,,,,,,,
,Cryptococcal meningitis,acute,,,,,,,,,
,Cryptococcosis,acute,,,,,,,,,
,Cryptorchidism,acute,,,,,,,,,
,Cryptosporidiosis,acute,,,,,,,,,
,Cutaneous burns,acute,,,,,,,,,
,Cutaneous larva migrans,acute,,,,,,,,,
CMV,Cytomegalovirus infection,acute,,,,,,,,,
,Dandelion ingestion,acute,,,,,,,,,
,Decompression sickness,acute,,,,,,,,,
,"Dehydration, Volume depletion",acute,,,,,,,,,
,Delirium,acute,,,,,,,,,
,Delirium tremens,acute,,,,,,,,,
,Dengue fever,acute,,,,,,,,,
,Dental abscess,acute,,,,,,,,,
,Dermatitis,acute,,,,,,,,,
,Dermatitis toxicodendron,acute,,,,,,,,,
DKA,Diabetic ketoacidosis,acute,,HGBA1C,HGBA1C,"(GLUCOSE,ANIONGAP, CO2, PHBLOODPOC), K, MG, BETAHYDROXY",,"CXR showing ***, EKG showing ***","IV fluids [LR],  IV insulin [K ***], BMP every 4 Hr [notify provider with results], POC glucose every hr with target drop ~ 50 mg/hr, When POC glucose is 200-250 add D5W to IV fluids, Famotidine IV, NPO","acute pancreatitis, NSTEMI, STEMI, UTI, acute pyelonephritis","K, MG, BETAHYDROXY"
,Diaper rash,acute,,,,,,,,,
DAD,Diffuse alveolar damage,acute,,,,,,,,,
,Diphtheria,acute,,,,,,,,,
,Diphyllobothrium latum infection,acute,,,,,,,,,
DIC,Disseminated intravascular coagulation,acute,,,,,,,,,
,Distributive shock,acute,,,,,,,,,
,Diverticulitis,acute,,,,,,,,,
,Diving related barotrauma,acute,,,,,,,,,
,Dizziness,acute,,,,,,,,,
,Drowning,acute,,,,,,,,,
,Dural sinus thrombosis,acute,,,,,,,,,
,Dysbarism,acute,,,,,,,,,
,Dysfunctional uterine bleeding,acute,,,,,,,,,
,"zzDyspnea, zzShortness of breath",acute,,,,"(BASETROP, 2HRTROP, 6HRTROP, PROBNPNTERMI)",,"CXR showing ***, Echocardiogram on *** showing ***",,"COPD, CHF, Asthma, ILD",
,Dysuria,acute,,,,,,,,,
,Ebola virus infection,acute,,,,,,,,,
,Echinococcus granulosis infection,acute,,,,,,,,,
,Eclampsia,acute,,,,,,,,,
,Ectopic pregnancy,acute,,,,,,,,,
,Ehrlichiosis,acute,,,,,,,,,
,Elbow dislocation,acute,,,,,,,,,
,Elbow overuse injury,acute,,,,,,,,,
,Elder abuse,acute,,,,,,,,,
,Electrical injury,acute,,,,,,,,,
,Empyema,acute,,,,,,,,,
,End-of-life care,acute,,,,,,,,,
,Entamoeba histolytica,acute,,,,,,,,,
,Epicondylitis,acute,,,,,,,,,
,Epidural abscess,acute,,,,,,,,,
,Epiglottitis,acute,,,,,,,,,
,Epistaxis,acute,,,,,,,,,
,Erectile dysfunction,acute,,,,,,,,,
,Erysipelas,acute,,,,,,,,,
,Erythema chronicum migrans,acute,,,,,,,,,
,Erythema infectiosum,acute,,,,,,,,,
,Erythema multiforme,acute,,,,,,,,,
,"Mallory-Weiss tear, Esophageal tear",acute,,,,,,,,,
,Eustachian tube dysfunction,acute,,,,,,,,,
,Exanthem subitum,acute,,,,,,,,,
,Extrapulmonary tuberculosis,acute,,,,,,,,,
,Extrinsic allergic alveolitis,acute,,,,,,,,,
,Eye socket fracture,acute,,,,,,,,,
,Eye trauma,acute,,,,,,,,,
,Fatigue,acute,,,,,,,,,
,Febrile neutropenia,acute,,,,,,,,,
,Febrile seizures,acute,,,,,,,,,
,Femoral neck fracture,acute,,,,,,,,,
,Fever blisters,acute,,,,,,,,,
,Fibula fractures,acute,,,,,,,,,
,Fifth disease,acute,,,,,,,,,
,Finger dislocation,acute,,,,,,,,,
,Fingernail fungus,acute,,,,,,,,,
,Fixed drug eruption,acute,,,,,,,,,
,Flail chest,acute,,,,,,,,,
,Folliculitis,acute,,,,,,,,,
,Food poisoning,acute,,,,,,,,,
,Foodborne E. coli infection,acute,,,,,,,,,
,Foreign body aspiration,acute,,,,,,,,,
,Foreign body ingestion,acute,,,,,,,,,
,Foxglove ingestion,acute,,,,,,,,,
,Frostbite,acute,,,,,,,,,
,Frozen shoulder,acute,,,,,,,,,
,Fungal meningitis,acute,,,,,,,,,
,Fungal skin infections,acute,,,,,,,,,
,Gallbladder inflammation,acute,,,,,,,,,
,Gangrene,acute,,,,,,,,,
,Gardnerella vaginalis,acute,,,,,,,,,
,Gastritis,acute,,,,,,,,,
,Gastroenteritis,acute,,,,,,,,,
,Genital tract chlamydia infection,acute,,,,,,,,,
,German measles,acute,,,,,,,,,
,Gingivitis,acute,,,,,,,,,
,Glandular fever,acute,,,,,,,,,
,Gonococcal infection,acute,,,,,,,,,
,Gonorrhea infection,acute,,,,,,,,,
,Groin pain,acute,,,,,,,,,
GABHS,Group A beta hemolytic strep,acute,,,,,,,,,
,Group B streptococcal infection,acute,,,,,,,,,
,Hand-foot-and-mouth disease,acute,,,,,,,,,
,"Hansen disease, Leprosy",acute,,,,,,,,,
,Hantavirus cardiopulmonary syndrome,acute,,,,,,,,,
,Hay fever,acute,,,,,,,,,
,Head trauma,acute,,,,,,,,,
,Heat stroke,acute,,,,,,,,,
,Helminth infection,acute,,,,,,,,,
HUS,Hemolytic uremic syndrome,acute,,,,,,,,,
,Hemoptysis,acute,,,,,,,,,
,Hemorrhagic shock,acute,,,,,,,,,
,Hemorrhagic stroke,acute,,,,,,,,,
,Hepatic abscess,acute,,,,,,,,,
,Hepatic encephalopathy,acute,,,,"(AMMONIA, K), (HGB, PLT), (WBCU, NITRITE), (ETHANOL)","AMMONIA, HGB","CT head ***, CXR showing ***, Dehydration ***, Ascites/SBP risk ***",- Lactulose and titrate to at least 3 BM a day,"Ascites, Acute kidney injury, Urinary tract infection, Spontaneous bacterial peritonitis","AMMONIA, WBCU, NITRITE, ETHANOL"
HRS,Hepatorenal syndrome,acute,,,,,,,,,
,Heroin overdose,acute,,,,,,,,,
,Herpes simplex virus infection,acute,,,,,,,,,
,Herpes zoster infection,acute,,,,,,,,,
,Herpes zoster ophthalmicus,acute,,,,,,,,,
HZV,Herpes zoster virus,acute,,,,,,,,,
,Hiccups,acute,,,,,,,,,
HACE,High altitude cerebral edema,acute,,,,,,,,,
,High altitude Illness,acute,,,,,,,,,
HAPE,High altitude pulmonary edema,acute,,,,,,,,,
,High altitude-related illness,acute,,,,,,,,,
,Hip fractures,acute,,,,,,,,,
,Histoplasma meningitis,acute,,,,,,,,,
,Histoplasmosis,acute,,,,,,,,,
,Hookworm,acute,,,,,,,,,
,Hordeolum,acute,,,,,,,,,
HAP,Hospital-acquired pneumonia,acute,,,,,,,,,
,"HSV infection, herpes simplex virus infection",acute,,,,,,,,,
HHV-6,Human herpesvirus type 6,acute,,,,,,,,,
,Human herpesvirus-4 infection,acute,,,,,,,,,
HPV,"Human papilloma virus, Human papillomavirus",acute,,,,,,,,,
,Hypercapnea,acute,,,,,,,,,
,Hyperemesis gravidarum,acute,,,,"K, MG, AST, ALT",,EKG showing ***,,,
,Hyperglycemia,acute,,,,,,,,,
,Hyperhidrosis,acute,,,,,,,,,
HHS,"Hyperosmolar hyperglycemic state, hyperosmolar nonketotic coma",acute,,,,,,,,,
,Hypertensive emergencies,acute,,,,,,,,,
,Hyperthermia,acute,,,,,,,,,
,Hypocalcemia,acute,,,,"CA, CAIONIZED, ALBUMIN",CA,EKG showing ***,,,
,Hypochlorhydria,acute,,,,,,,,,
,Hypoglycemia,acute,,,,,,,,,
,Hypomagnesemia,acute,,,,"K, MG",,EKG showing ***,Replace Mg,,
,Hypomania,acute,,,,,,,,,
,Hyponatremiazz,acute,,,TRIGLYCERIDE,"(NA, OSMOLALITY), (OSMOLALITYUR, NAUR)",NA,Symptoms: ***,,SIADH,"OSMOLALITY, OSMOLALITYUR, NAUR"
,Hypotension,acute,,,CORTISOL,"(WBC, HGB), (LACTATE, PROCALCITO, CORTISOLL), (BUN, CREAT, GFR)",,,"Blood culture, Trend lactic acid","Adrenal insufficiency, sepsis, septic shock, severe sepsis, dehydration, acute diarrhea","LACTATE, PROCALCITO, CORTISOLL"
,Hypovolemic shock,acute,,,,,,,,,
,Ileus,acute,,,,,,,,,
,Impetigo,acute,,,,,,,,,
,"Infectious mononucleosis, Kissing disease",acute,,,,,,,,,
IE,Infective endocarditis,acute,,,,,,,,,
,"Influenza A, Flu A",acute,,,,,,,,,
,"Influenza B, Flu B",acute,,,,,,,,,
,Inhalation injury,acute,,,,,,,,,
,Insect bites,acute,,,,,,,,,
,Insecticide poisoning,acute,,,,,,,,,
,Intestinal obstruction,acute,,,,,,,,,
,Intestinal tapeworms,acute,,,,,,,,,
,Intractable nausea and vomiting,acute,,,,,,,,,
,Intussusception,acute,,,,,,,,,
,Iridocyclitis,acute,,,,,,,,,
,Itching,acute,,,,,,,,,
,"Jaundice, Icterus",acute,,,,,,,,,
,Jaw dislocation,acute,,,,,,,,,
,Joint dislocation,acute,,,,,,,,,
,Joint sepsis,acute,,,,,,,,,
,Labyrinthitis,acute,,,,,,,,,
LBO,Large bowel obstruction,acute,,,,,,,,,
,Laryngitis,acute,,,,,,,,,
,Laryngotracheobronchitis,acute,,,,,,,,,
,Lateral epicondylitis,acute,,,,,,,,,
,Lead toxicity,acute,,,,,,,,,
,Leg cramps,acute,,,,,,,,,
,Leg fracture,acute,,,,,,,,,
,Leg torsion in children,acute,,,,,,,,,
,Legionella infection,acute,,,,,,,,,
,Legionella pneumophila,acute,,,,,,,,,
,"Leishmaniasis, Kala-azar",acute,,,,,,,,,
,Leptospirosis,acute,,,,,,,,,
,Leukoderma,acute,,,,,,,,,
,Lice infestation,acute,,,,,,,,,
,"Ligament injuries, Ligamentous injuries",acute,,,,,,,,,
,Lightheadedness,acute,,,,,,,,,
,Lightning injury,acute,,,,,,,,,
,Liver abscess,acute,,,,,,,,,
,Lock jaw,acute,,,,,,,,,
,Long bone fractures,acute,,,,,,,,,
LOC,Loss of consciousness,acute,,,,,,,,,
,Hypermagnesemia,acute,,,,,,,Monitor ,"Chronic kidney disease, End-stage renal disease",
,Lumbago,acute,,,,,,,,,
,Lung abscess,acute,,,,,,,,,
,Lymphogranuloma venereum,acute,,,,,,,,,
,Maculopapular rash,acute,,,,,,,,,
,Mad cow disease,acute,,,,,,,,,
,Malaria infection,acute,,,,,,,,,
,,,,,,,,,,,
,Malignant hyperthermia,acute,,,,,,,,,
,Malignant melanoma,acute,,,,,,,,,
,Malleolar fractures,acute,,,,,,,,,
,Mastitis,acute,,,,,,,,,
,MDMA abuse,acute,,,,,,,,,
,Measles infection,acute,,,,,,,,,
,Medial epicondylitis,acute,,,,,,,,,
,Meningitis,acute,,,,,,,,,
,Meningococcal disease,acute,,,,,,,,,
,Menorrhagia,acute,,,,,,,,,
,Metrorrhagia,acute,,,,,,,,,
,Micturation syncope,acute,,,,,,,,,
MERS,Middle east respiratory syndrome,acute,,,,,,,,,
,Molar pregnancies,acute,,,,,,,,,
,Molluscum contagiosum,acute,,,,,,,,,
,Motion sickness,acute,,,,,,,,,
MRSA,"MRSA infection, MRSA",acute,,,,,,,,,
,Mucocutaneous candidiasis,acute,,,,,,,,,
,Mucormycosis,acute,,,,,,,,,
,Mumps,acute,,,,,,,,,
,Mycobacterium leprae,acute,,,,,,,,,
,Mycobacterium marinum,acute,,,,,,,,,
,Mycoplasma infection,acute,,,,,,,,,
,Mycoplasma pneumoniae,acute,,,,,,,,,
,Myocardial infarction,acute,,,,,,,,,
,Myocarditis,acute,,,,,,,,,
,Nail fold infection,acute,,,,,,,,,
,Nail fungus,acute,,,,,,,,,
,Nasopharyngitis,acute,,,,,,,,,
,Nausea and vomiting in pregnancy,acute,,,,,,,,,
,Neck pain,acute,,,,,,,,,
,Neck spinal disease,acute,,,,,,,,,
,Neck trauma,acute,,,,,,,,,
,Necrotizing fasciitis,acute,,,,,,,,,
,Needlestick injury,acute,,,,,,,,,
,Neisseria gonorrhoeae,acute,,,,,,,,,
,Nephritis,acute,,,,,,,,,
,Neurally-mediated reflex syncope,acute,,,,,,,,,
,Neurocardiogenic syncope,acute,,,,,,,,,
NMS,Neuroleptic malignant syndrome,acute,,,,,,,,,
,Nitrogen narcosis,acute,,,,,,,,,
,Nocardiosis,acute,,,,,,,,,
,,,,,,,,,,,
,Non-cholera Vibrio infections,acute,,,,,,,,,
,Non-diabetic hypoglycemia,acute,,,,,,,,,
,Nosebleed,acute,,,,,,,,,
,Nosocomial pneumonia,acute,,,,,,,,,
,Numbness,acute,,,,,,,,,
,Nutmeg toxicity,acute,,,,,,,,,
,Obstructive shock,acute,,,,,,,,,
,Oleander ingestion,acute,,,,,,,,,
,Olecranon bursitis,acute,,,,,,,,,
,Olfactory loss,acute,,,,,,,,,
,Oligomenorrhea,acute,,,,,,,,,
,Opioid overdose,acute,,,,,,,,,
,Opioid withdrawal,acute,,,,,,,,,
,"Oral thrush, Oral candida albicans, Oral candidiasis",acute,,,,,,,,,
,Orbital cellulitis,acute,,,,,,,,,
,Orbital fractures,acute,,,,,,,,,
,Orchitis,acute,,,,,,,,,
,Organophosphate poisoning,acute,,,,,,,,,
,Oroya fever,acute,,,,,,,,,
,Otic barotrauma,acute,,,,,,,,,
,Otitis externa,acute,,,,,,,,,
,Ovarian torsion,acute,,,,,,,,,
,Oxalate ingestion,acute,,,,,,,,,
,Palpitations,acute,,,,,,,,,
,Pancytopenia,acute,,,,,,,,,
,Paradoxical vocal fold motion,acute,,,,,,,,,
,Paronychia,acute,,,,,,,,,
,Parotitis,acute,,,,,,,,,
,Parvovirus B19 infection,acute,,,,,,,,,
,Patella dislocation,acute,,,,,,,,,
,Peace lily ingestion,acute,,,,,,,,,
,Pediculosis capitis,acute,,,,,,,,,
,Periorbital cellulitis,acute,,,,,,,,,
,Perirectal abscess,acute,,,,,,,,,
,Peritonitis,acute,,,,,,,,,
,Persistent pulmonary infiltrate,acute,,,,,,,,,
,Pertussis,acute,,,,,,,,,
,Phlebitis,acute,,,,,,,,,
,Pinworm infection,acute,,,,,,,,,
,Pit viper bite,acute,,,,,,,,,
,Placenta previa,acute,,,,,,,,,
,Placental abruption,acute,,,,,,,,,
,Plague,acute,,,,,,,,,
,Plasmodium infection,acute,,,,,,,,,
,Pleuritis,acute,,,,,,,,,
PJP,Pneumocystis jirovecii pneumonia,acute,,,,,,,,,
PCP,"Pneumocystis pneumonia, pneumocystis jirovecii",acute,,,,,,,,,
,Pneumonia,acute,,,,,,,,,
,Pneumothorax,acute,,,,,,,,,
,Poinsettia ingestion,acute,,,,,,,,,
,Poison ivy,acute,,,,,,,,,
,Poison ivy ingestion,acute,,,,,,,,,
,Poisoning,acute,,,,,,,,,
,Polymorphous light eruption,acute,,,,,,,,,
,Post-operative fever,acute,,,,,,,,,
,Preeclampsia,acute,,,,,,,,,
,Premature labor,acute,,,,,,,,,
,Prepatellar bursitis,acute,,,,,,,,,
,Presyncope,acute,,,,,,,,,
,Proctitis,acute,,,,,,,,,
,Psittacosis,acute,,,,,,,,,
,Pubic lice,acute,,,,,,,,,
,Pulmonary abscess,acute,,,,,,,,,
,Pulmonary edema,acute,,,,,,,,,
PEA,Pulseless electrical activity,acute,,,,,,,,,
,Pustular rash,acute,,,,,,,,,
,Q fever,acute,,,,,,,,,
,Rabies,acute,,,,,,,,,
,Raccoon bite,acute,,,,,,,,,
,Regional ileitis,acute,,,,,,,,,
,Repetitive strain injury,acute,,,,,,,,,
RSV,Respiratory syncytial virus infection,acute,,,,,,,,,
,Retropharyngeal abscess,acute,,,,,,,,,
,Reye syndrome,acute,,,,,,,,,
,Rhabdomyolysis,acute,,,,"(CPK, CREAT, GFR), (CA, PO4, K)",,,,,"CPK, CREAT, GFR, CA, PO4, K"
,Rib fractures,acute,,,,,,,,,
,Rickettsial infections,acute,,,,,,,,,
,Ringworm,acute,,,,,,,,,
RMSF,Rocky Mountain spotted fever,acute,,,,,,,,,
,Rosary pea ingestion,acute,,,,,,,,,
,Roseola,acute,,,,,,,,,
,Rotator cuff injury,acute,,,,,,,,,
,Rotavirus,acute,,,,,,,,,
,Roundworm,acute,,,,,,,,,
,Rubella,acute,,,,,,,,,
,Rubeola,acute,,,,,,,,,
,Salicylate poisoning,acute,,,,,,,,,
,Salmonella infection,acute,,,,,,,,,
,Salpingitis,acute,,,,,,,,,
,San Joaquin Valley fever,acute,,,,,,,,,
,SARS,acute,,,,,,,,,
,SARS-CoV-2,acute,,,,,,,,,
,Scabies,acute,,,,,,,,,
,Schistosomiasis,acute,,,,,,,,,
,Scrofula,acute,,,,,,,,,
,Sea sickness,acute,,,,,,,,,
,Seasonal influenza infection,acute,,,,,,,,,
,Senior abuse,acute,,,,,,,,,
,Septic arthritis,acute,,,,,,,,,
,Serotonin syndrome,acute,,,,,,,,,
SARS,Severe acute respiratory syndrome,acute,,,,,,,,,
STD,Sexually transmitted disease,acute,,,,,,,,,
,Shigella infection,acute,,,,,,,,,
,Shingles,acute,,,,,,,,,
,Shock,acute,,,,,,,,,
,Shoulder dislocation,acute,,,,,,,,,
,Sialadenitis,acute,,,,,,,,,
,Sixth disease,acute,,,,,,,,,
,Skull fractures,acute,,,,,,,,,
,Skunk bite,acute,,,,,,,,,
,Slapped cheek disease,acute,,,,,,,,,
SBO,Small bowel obstruction,acute,,,,"K, PO4",,CT abdomen showing ***,"NPO and IV fluids [NS], Bowel rest, Surgery consult",,"K, PO4"
,Smoke inhalation,acute,,,,,,,,,
,Snake bites,acute,,,,,,,,,
,Sore throat,acute,,,,,,,,,
,Spinal cord inflammation,acute,,,,,,,,,
,Spinal cord injury,acute,,,,,,,,,
,Spinal cord trauma,acute,,,,,,,,,
,Spinal epidural abscess,acute,,,,,,,,,
SBP,Spontaneous bacterial peritonitis,acute,,,,"WBC, CREAT, GFR",,,,,
,Sporotrichosis,acute,,,,,,,,,
,SSRI poisoning,acute,,,,,,,,,
STEMI,zzzST-elevation myocardial infarction,acute,,,,,,"ECG showing ***, CXR showing ***, Last echocardiogram showing ***, Last stress test showing ***, Last LHC ***",,,
,Staphylococcal toxic shock syndrome,acute,,,,,,,,,
,Staphylococcus aureus,acute,,,,,,,,,
,Status epilepticus,acute,,,,,,,,,
SJS,Stevens-Johnson syndrome,acute,x,,,,,,,,
,Stomach flu,acute,,,,,,,,,
,Stomatitis,acute,,,,,,,,,
,"Streptococcal sore throat, Strep throat",acute,,,,,,,,,
,Stress disorder,acute,,,,,,,,,
,Strongyloides infection,acute,,,,,,,,,
,Stye and chalazion,acute,,,,,,,,,
,Subacromial bursitis,acute,,,,,,,,,
SBE,Subacute bacterial endocarditis,acute,x,,,,,,,,
SAH,Subarachnoid hemorrhage,acute,,,,,,,,,
SCD,Sudden cardiac death,acute,,,,,,,,,
,Sunburn,acute,,,,,,,,,
,Sunstroke,acute,,,,,,,,,
,Supraglottitis,acute,,,,,,,,,
,Swimmer's ear,acute,,,,,,,,,
,Syncope,acute,,,,"BASETROP, 2HRTROP, 6HRTROP, PROBNPNTERMI, K, MG, DDIMERQUANT",,"ECG showing *** QTc *** , CXR showing ***, Last echocardiogram showing ***, Last stress test showing ***, Last LHC ***","Keep K ~ 4 and Mg ~ 2, Telemetry monitoring, Orthostatic signs, EKG PRN for change in rhythm, Cardiology consult, Transthoracic echocardiogram, Fall precautions",Prolonged QT,"BASETROP, 2HRTROP, 6HRTROP, PROBNPNTERMI, K, MG, DDIMERQUANT"
,Systemic candidiasis,acute,,,,,,,,,
SIRS,Systemic inflammatory response syndrome,acute,,,,,,,,,
,Taenia saginata infection,acute,,,,,,,,,
,Taenia solium infection,acute,,,,,,,,,
,Tapeworm infection,acute,,,,,,,,,
,Tension pneumothorax,acute,,,,,,,,,
,Testicular torsion,acute,,,,,,,,,
,Tetanus infection,acute,,,,,,,,,
,Thoracolumbar spine trauma,acute,,,,,,,,,
,Thrombosis,acute,,,,,,,,,
TTP,Thrombotic thrombocytopenic purpura,acute,x,,,,,,,,
,Thyrotoxicosis,acute,,,,,,,,,
,Tibial torsion,acute,,,,,,,,,
,Tinea infections,acute,,,,,,,,,
,Tingling,acute,,,,,,,,,
,Tinnitus,acute,,,,,,,,,
,"TMJ syndrome, temporomandibular joint syndrome",acute,,,,,,,,,
,Toenail fungus,acute,,,,,,,,,
,Tonsillitis,acute,,,,,,,,,
,Tooth abscess,acute,,,,,,,,,
,Torsade des pointes,acute,x,,,,,,,,
,Torsion of the lower limb in children,acute,,,,,,,,,
,Torticollis,acute,,,,,,,,,
TEN,Toxic epidermal necrolysis,acute,,,,,,,,,
,Toxic megacolon,acute,,,,,,,,,
,Toxic shock syndrome,acute,,,,,,,,,
,Tracheitis,acute,,,,,,,,,
TE fistula,Tracheoesophageal fistula,acute,,,,,,,,,
,Trachoma,acute,,,,,,,,,
,Transient synovitis of the hip,acute,,,,,,,,,
,Traveler's diarrhea,acute,,,,,,,,,
,Trichinellosis,acute,,,,,,,,,
,"Trichomoniasis, Trichomonas vaginalis",acute,,,,,,,,,
TCA overdose,Tricyclic antidepressant overdose,acute,,,,,,,,,
,Tubal pregnancy,acute,,,,,,,,,
,Tularemia,acute,,,,,,,,,
TLS,Tumor lysis syndrome,acute,,,,,,,,,
,Typhoid infection,acute,,,,,,,,,
,Undulant fever,acute,,,,,,,,,
UA,Unstable angina,acute,,,,"(BASETROP, 2HRTROP, 6HRTROP, PROBNPNTERMI), (K, MG)","BASETROP, 2HRTROP, 6HRTROP, PROBNPNTERMI","ECG showing ***, CXR showing ***, Last echocardiogram showing ***, Last stress test showing ***, Last LHC ***, TIMI score ***","Start heparin drip and monitor per protocol ,Nitroglycerin PRN for chest pain, Keep K ~ 4 and Mg ~ 2, Telemetry monitoring, EKG PRN for chest pain/anginal equivalents, Cardiology consult, NPO for now","CAD, HTN, DM, HLD","K, MG, BASETROP, 2HRTROP, 6HRTROP, PROBNPNTERMI"
,Upper airway obstruction,acute,,,,,,,,,
,,,,,,,,,,,
URI,Upper respiratory infection,acute,,,,,,,,,
,Urethritis,acute,,,,,,,,,
UTI,Urinary tract infection,acute,,,,"(WBC, LACTATE),(WBCU, NITRITEUA)",,Prevous cultures ***,"Urine culture, Blood culture, Start treat. with ***",,
,Urinary tract obstruction,acute,,,,,,,,,
,Urticaria,acute,,,,,,,,,
,Uveitis,acute,,,,,,,,,
,Vaginal bleeding,acute,,,,,,,,,
,Vaginal discharge,acute,,,,,,,,,
,Vaginitis,acute,,,,,,,,,
,Vaginosis,acute,,,,,,,,,
,"Varicella-zoster, chickenpox",acute,,,,,,,,,
,Vasodepressor syncope,acute,,,,,,,,,
,Vasomotor rhinitis,acute,,,,,,,,,
,Vasovagal syncope,acute,,,,,,,,,
,Venous thrombophlebitis,acute,,,,,,,,,
,Vibrio vulnificus,acute,,,,,,,,,
,Viral Encephalitis,acute,,,,,,,,,
,Viral gastroenteritis,acute,,,,,,,,,
,Viral meningitis,acute,,,,,,,,,
,Viral pneumonia,acute,,,,,,,,,
,Volvulus,acute,,,,,,,,,
,Vulvovaginal candidiasis,acute,,,,,,,,,
,Wasp sting,acute,,,,,,,,,
,Water intoxication,acute,,,,,,,,,
,Weight loss,acute,,,,,,,,,
,West Nile virus,acute,,,,,,,,,
,Wrist fractures,acute,,,,,,,,,
,Yeast infection,acute,,,,,,,,,
,Yellow fever,acute,,,,,,,,,
,Yersinia infection,acute,,,,,,,,,
,Zika virus infection,acute,,,,,,,,,
,Zoon balanitis,acute,,,,,,,,,
,Zygomycosis,acute,,,,,,,,,
,"Gastrointestinal bleeding, gastrointestinal hemorrhage",acute,,,,,,,,,
,Lithium toxicity,acute,,,,,,,,,
,Hepatitis E,acute,,,,,,,,,
,Postpartum blues,acute,,,,,,,,,
AFLP,Acute fatty liver of pregnancy,acute,,,,,,,,,
,Abacavir hypersensitivity reaction,acute,,,,,,,,,
,Elevated liver enzymes,acute,,,,"AST, ALT, INR, ACETAMINOPHE, SALICYLATE, LACTATE, ETHANOL, GLUCOSE, HEPAIGM, HEPBCORIGM, HEPBSAG, HEPCAB",,,,"Liver cirrhosis, NAFLD, Alcohol use disorder, NASH","AST, ALT, INR, ACETAMINOPHE, SALICYLATE, LACTATE, ETHANOL, GLUCOSE, HEPAIGM, HEPBCORIGM, HEPBSAG, HEPCAB"
,,,,,,,,,,,
,Severe sepsis,acute,,,,,,,,,
,Septic shock,acute,,,,,,,,,
,,,,,,,,,,,
AAA,Abdominal aortic aneurysm,chronic,x,,,,,Size: ***,To follow as outpatient,,
,Abdominoschisis,chronic,,,,,,,,,
,Abetalipoproteinemia,chronic,x,"VITAMINA, VITAMINDTO, VITAMINE, VITAMINK",,,,,,,
,Absence seizures,chronic,x,,,,,,,,
,Acanthosis nigricans,chronic,,,,,,,,,
,Achalasia,chronic,x,,,,,,,Swallowing difficulty ***,
,Acne rosacea,chronic,,,,,,,,,
,Acne vulgaris,chronic,,,,,,,,,
,Acoustic neuroma,chronic,x,,,,,Last imaging size: ***,,,
AIDS,Acquired immune deficiency syndrome,chronic,x,"CD4, HIV1RNACOPIE","CD4, HIV1RNACOPIE",,,,,,
,Acquired torticollis,chronic,,,,,,,,,
,Acrodermatitis enteropathica,chronic,,,,,,,,,
,"Acromegaly, Gigantism",chronic,x,IGF1,IGF1,,,,,,
,Actinic keratosis,chronic,,,,,,,,,
,Actinomycosis,chronic,,,,,,,,,
,Acute cholecystitis,acute,,,,"(WBC, LACTATE),( AST, ALT, ALKPHOS, BILITOTAL)",,"CT abdomen showing ***, Transabdominal ultrasound","Start Treat. with ***,Blood cultures, NPO and IV fluids, Surgery consult",,
,Renal transplant,chronic,x,,,,,,,,
,Acute pericarditis,chronic,,,,"(BASETROP, 2HRTROP, 6HRTROP, PROBNPNTERMI),( K, MG)",,EKG showing ***,"NSAIDS *** [GFR], Colchicine, Echocardiogram","SLE, RA, Hypothyroidism, ESRD","ESR, CRP, BASETROP, 2HRTROP, 6HRTROP, PROBNPNTERMI, K, MG"
,Adhesive capsulitis,chronic,,,,,,,,,
,Adolescent idiopathic scoliosis,chronic,,,,,,,,,
,Adrenal hyperplasia,chronic,x,,,,,,,,
,"Adrenal insufficiency, Hypoadrenalism, Addison disease",chronic,x,,,"NA, K",NA,,,,
,Adrenal tumor,chronic,x,,,,,,,,
,Agammaglobulinemia,chronic,x,,,,,,,,
ARMD,Age-related macular degeneration,chronic,,,,,,,,,
,Agoraphobia,chronic,,,,,,,,,
,Albright hereditary osteodystrophy,chronic,x,,,,,,,,
,Alcohol dependence,chronic,x,,,"AST, ALT, ETHANOL, PLT",,Amount: ***,"folic acid and thiamine, counseled about alcohol use",,
,Alcohol use disorder,chronic,x,,,"AST, ALT, ETHANOL, PLT",,Amount: ***,"folic acid and thiamine, counseled about alcohol use",,
AFL,Alcoholic fatty liver,chronic,x,,,,,,,,
,Alcoholic liver cirrhosis,chronic,x,,,,,,,,
ALD,Alcoholic liver disease,chronic,x,,,"AST, ALT, BILITOTAL, INR","AST, ALT, BILITOTAL, INR",,,,
,Allergic contact dermatitis,chronic,,,,,,,,,
AAT,"Alpha-1 antitrypsin deficiency, α1-antitrypsin",chronic,x,,,,,,,,
,Alpha-thalassemia,chronic,x,,,,,,,,
,Alport syndrome,chronic,x,,,,,,,,
,Alveolar hypoventilation syndrome,chronic,x,,,,,,,,
AD,"Alzheimer dementia, Alzheimer disease",chronic,x,,,,,,Delirium precautions,,
,Amblyopia,chronic,,,,,,,,,
,Amebiasis,chronic,,,,,,,,,
,"Ampheatmine use, Amphetamine use disorder",chronic,x,,,,,,,,
,Amyloidosis,chronic,x,,,,,,,,
ALS,"Amyotrophic lateral sclerosis, Lou Gehrig disease",chronic,x,,,,,,,,
,Anabolic steroid use disorder,chronic,x,,,,,,,,
,Anaplastic carcinoma of the thyroid,chronic,x,,,,,,,,
,Anasarca,chronic,,,,,,,,,
,Anatomic penile abnormalities,chronic,,,,,,,,,
,Androgenetic alopecia,chronic,,,,,,,,,
AOCD,"Anemia of chronic disease, Anemia of inflammation",chronic,x,,"ESR,CRP",HGB,HGB,,Monitor for now,,
,Anencephaly,chronic,x,,,,,,,,
,Angiodysplasia of the colon,chronic,x,,,,,,,,
,Angle-closure glaucoma,chronic,,,,,,,,,
,Angular cheilitis,chronic,,,,,,,,,
,Ankylosing spondylitis,chronic,x,,,,,,,,
,Anogenital warts,chronic,,,,,,,,,
,Anorexia nervosa,chronic,x,,,,,,,,
APLAS,"Anticardiolipin antibody syndrome, Antiphospholipid syndrome, antiphospholipid antibody syndrome",chronic,x,,,,,,,,
,Antisocial personality disorder,chronic,x,,,,,,,,
,Antithrombin deficiency,chronic,x,,,,,,,,
,Anxiety disorders,chronic,x,,,,,,,,
,"Aortic coarctation, Coarctation of the aorta",chronic,x,,,,,,,,
AR,Aortic regurgitation,chronic,x,,,,,,See above,,
,Aortic stenosis,chronic,x,,,,,Last cardiac ECHO showing ***,Monitor for now,,
,Arachnodactyly,chronic,x,,,,,,,,
AVM,Arteriovenous malformation,chronic,x,,,,,,,,
,Asbestosis,chronic,x,,,,,,,,
,Asperger,chronic,x,,,,,,,,
,Asthma,chronic,x,,,,,,,,
,Astigmatism,chronic,,,,,,,,,
,Astrocytic brain tumors,chronic,x,,,,,,,,
,Astrocytoma,chronic,x,,,,,,,,
,"Ateriosclerotic dementia, Vascular dementia",chronic,x,,,,,,,,
A-fib,Atrial fibrillation,chronic,x,,,,,,Keep K ~ 4 and Mg ~ 2,,"K, MG"
A-flutter,Atrial flutter,chronic,x,,,,,,Keep K ~ 4 and Mg ~ 2,,"K, MG"
,Atrial myxoma,chronic,x,,,,,,,,
ASD,Atrial septal defects,chronic,x,,,,,,,,
ADHD,"Attention deficit hyperactivity disorder, attention-deficit/hyperactivity disorder",chronic,x,,,,,,,,
,Autism spectrum disorders,chronic,,,,,,,,,
,Autoimmune thyroid disease,chronic,c,,,,,,,,
,Azoospermia,chronic,,,,,,,,,
,Back pain,chronic,,,,,,,,,
,Baker cyst,chronic,,,,,,,,,
,Balance disorders,chronic,,,,,,,,,
,Barrett esophagus,chronic,x,,,,,,,,
,Bartholin cyst,chronic,,,,,,,,,
BCC,Basal cell carcinoma,chronic,x,,,,,,,,
,"Behcet syndrome, Behçet syndome",chronic,x,,,,,,,,
BPPV,Benign paroxysmal positional vertigo,chronic,x,,,,,,,,
BPH,"Benign prostatic enlargement, Benign prostatic hyperplasia",chronic,x,,,,,,,,
,Berry aneurysm,chronic,x,,,,,,,,
,Beta thalassemia,chronic,x,,,,,,,,
,Bipolar disorder,chronic,x,,,,,,,,
,Bird fancier's lung,chronic,x,,,,,,,,
,"Bladder cancer, transitional cell carcinoma",chronic,x,,,"WBCU, RBCUA",,,,,
,Bladder pain syndrome,chronic,,,,,,,,,
,Body-packer syndrome,chronic,,,,,,,,,
,Borderline personality disorder,chronic,x,,,,,,,,
,Brain tumor,chronic,x,,,,,,,,
,Breast cancer in situ,chronic,x,,,,,,,,
,Breast hyperplasia,chronic,,,,,,,,,
,Brief psychotic disorder,chronic,,,,,,,,,
,Bronchial carcinoma,chronic,x,,,,,,,,
,Bronchiectasis,chronic,x,,,,,,,,
,"Bruton agammaglobulinemia, X-linked agammaglobulinemia",chronic,x,,,,,,,,
,Bruxism,chronic,,,,,,,,,
,Bulimia nervosa,chronic,x,,,"CO2, K, CL",,,,,
,Bullous impetigo,chronic,x,,,,,,,,
,Bullous pemphigoid,chronic,x,,,,,,,,
,Burkitt lymphoma,chronic,x,,,,,,,,
,Bursitis,chronic,,,,,,,,,
,Cachexia,chronic,,,,,,,,,
CUP,Cancer of unknown primary,chronic,x,,,,,,,,
,Car sickness,chronic,,,,,,,,,
,Carcinoid syndrome,chronic,x,,,,,,,,
,zzzCardiomyopathy,chronic,x,,,,,,,,
,Carotid artery stenosis,chronic,x,,,,,,,,
CTS,Carpal tunnel syndrome,chronic,x,,,,,,,,
,Cataplexy,chronic,x,,,,,,,,
,Cataracts,chronic,,,,,,,,,
,"Celiac disease, celiac sprue",chronic,x,,,,,,,,
,"Central hypothyroidism, Pituitary hypothyroidism",chronic,x,,,,,,,,
,Central sleep apnea,chronic,x,,,,,,,,
,Cerebral aneurysm,chronic,x,,,,,,,,
Cerebral AVM,Cerebral arteriovenous malformation,chronic,x,,,,,,,,
,Cerebral palsy,chronic,x,,,,,,,,
,Cerumen impaction,chronic,,,,,,,,,
,Cervical cancer,chronic,x,,,,,,,,
CIN,Cervical intraepithelial neoplasia,chronic,x,,,,,,,,
,Charcot-Marie-Tooth disease,chronic,x,,,,,,,,
,Cheloid,chronic,,,,,,,,,
,Chloasma,chronic,,,,,,,,,
,Cholangiocarcinoma,chronic,x,,,,,,,,
,Cholesteatoma,chronic,,,,,,,,,
,Chondromalacia patella,chronic,,,,,,,,,
CHF,Chronic congestive heart failure,chronic,x,,,,,,,,
,Chronic cough,chronic,,,,,,,,,
,Chronic diarrhea,chronic,,,,,,,,,
,Chronic fatigue syndrome,chronic,,,,,,,,,
,Chronic granulomatous disease,chronic,x,,,,,,,,
,Chronic hypernatremia,chronic,x,,,NA,NA,Mental status: ***,,"SIADH, Liver cirrhosis, CHF, Nephrotic syndrome",
CIPD,Chronic inflammatory demyelinating polyneuropathy,chronic,x,,,,,,,,
CKD,"Chronic kidney disease, Chronic renal failure, Chronic renal insufficiency",chronic,x,,,"CREAT, GFR",GFR,,"Monitor Cr. Medications adjusted per GFR, Avoid nephrotoxic agents","ADPKD, DM, HTN",
CLL,Chronic lymphocytic leukemia,chronic,x,,,"WBC, LYMPHOCYTE",WBC,,,,
CML,"Chronic myelogenous leukemia, Chronic myeloid leukemia",chronic,x,,,"WBC, NEUTROPHIL",WBC,,,,
COPD,"Chronic obstructive pulmonary disease, Chronic obstructive lung disease",chronic,x,,,,,,,,
,Chronic pain syndromes,chronic,,,,,,,,,
,Chronic pancreatitis,chronic,x,,,,,,,,
,Chronic pelvic pain in women,chronic,,,,,,,,,
,Chronic pyelonephritis,chronic,x,,,,,,,,
,Chronic sinusitis without nasal polyps,chronic,,,,,,,,,
,Chronic venous insufficiency,chronic,x,,,,,,,,
,,,,,,,,,,,
,Claustrophobia,chronic,,,,,,,,,
,Cleft lip & palate,chronic,,,,,,,,,
,Climacteric syndrome,chronic,,,,,,,,,
,Club foot,chronic,,,,,,,,,
,Cluster headache,chronic,x,,,,,,,,
,Coal worker's pneumoconiosis,chronic,x,,,,,,,,
,Cocaine use disorder,chronic,x,,,,,,,,
,Coccygodynia,chronic,,,,,,,,,
,Cold sores,chronic,,,,,,,,,
CRC,"Colon cancer, Colorectal cancer",chronic,x,,,,,,,,
,Colonic polyps,chronic,x,,,,,,,,
,Comedones,chronic,,,,,,,,,
,Common hereditary lysosomal storage diseases,chronic,,,,,,,,,
CVID,Common variable immunodeficiency,chronic,x,,,,,,,,
,Complement deficiencies,chronic,x,,,,,,,,
CRPS,Complex regional pain syndrome,chronic,x,,,,,,,,
,Condyloma acuminata,chronic,,,,,,,,,
CAH,Congenital adrenal hyperplasia,chronic,x,,,,,,,,
CHD,Congenital heart disease,chronic,x,,,,,,,,
,Congenital megacolon,chronic,x,,,,,,,,
,Congenital torticollis,chronic,x,,,,,,,,
,"Conn's disease, Hyperaldosteronism",chronic,x,,,,,,,,
,Constipation,chronic,,,,,,,,,
,Contact dermatitis,chronic,,,,,,,,,
,Conversion disorder,chronic,x,,,,,,,,
,Copper deficiency,chronic,x,,,,,,,,
,"Copper storage disease, Wilson disease",chronic,x,,,,,,,,
CAD,Coronary artery disease,chronic,x,,,"BASETROP, 2HRTROP, 6HRTROP","BASETROP, 2HRTROP, 6HRTROP",,,,
,Crabs,chronic,,,,,,,,,
,Crail syndrome,chronic,x,,,,,,,,
,Craniopharyngioma,chronic,x,,,,,,,,
CJD,Creutzfeldt-Jakob syndrome,chronic,x,,,,,,,,
CD,Crohn disease,chronic,x,,,,,,,,
,Cushing syndrome,chronic,x,,,,,,,,
,Cutaneous T-cell lymphoma,chronic,x,,,,,,,,
B12 deficiency,"Cyanocobalamin deficiency, Vitamin B12 deficiency",chronic,x,"VITAMINB12, FOLATE, MMA",VITAMINB12,HGB,HGB,,Cont with replacement.,"Alcohol use disorder, Pernicious anemia, Gastric bypass, Crohn disease, Chronic pancreatitis",
CF,Cystic fibrosis,chronic,x,,,,,,,,
,Cysticercosis,chronic,x,,,,,,,,
,Cystinuria,chronic,x,,,,,,,,
,Dandruff,chronic,,,,,,,,,
,De Quervain's tenosynovitis,chronic,,,,,,,,,
,Deafness,chronic,,,,,,,,,
,Decubitus ulcer,chronic,x,,,,,,,,
,Degenerative cervical spine disease,chronic,,,,,,,,,
DJD,"Degenerative joint disease, osteoathritis",chronic,x,,,,,,,,
,Delayed puberty,chronic,,,,,,,,,
,Dementia,chronic,,,,,,,,,
DLB,Dementia with Lewy bodies,chronic,s,,,,,,,,
,Dermatomyositis,chronic,x,,,CPK,CPK,,,,
,Developmental dysplasia of the hip,chronic,,,,,,,,,
DI,Diabetes insipidus,chronic,x,,,,,,,,
,"Diabetic ullcer, Diabetic foot complications",chronic,x,,,"WBC, ESR, CRP","ESR, CRP","Xray showing ***, Cultures ***, Previous episode ***, Pulses ***","Start treatment with ***, MRI of the  ***, Podiatry consult","Peripheral arterial disease, Diabetic neuropathy",
,"Diabetic nephropathy, Diabetic kidney disease",chronic,x,,,,,,,,
,Diabetic neuropathy,chronic,x,,,,,,,,
,Diabetic retinopathy,chronic,x,,,,,,,,
,Diaphragmatic hernia,chronic,x,,,,,,,,
,DiGeorge syndrome,chronic,x,,,,,,,,
,Discogenic low back pain,chronic,,,,,,,,,
,Discoid lupus erythematosus,chronic,x,,,,,,,,
,"Diverticulosis, Diverticular disease",chronic,,,,,,,,,
,"Down syndrome, Trisomy 21",chronic,,,,,,,,,
,Dubin-Johnson syndrome,chronic,x,,,,,,,,
DMD,Duchenne muscular dystrophy,chronic,x,,,,,,,,
DCIS,Ductal carcinoma in situ,chronic,x,,,,,,,,
,Dupuytren contracture,chronic,,,,,,,,,
,"Ear wax impaction, cerumen impaction",chronic,,,,,,,,,
LEMS,"Eaton-Lambert myasthenic syndrome, Lambert-Eaton myasthenic syndrome",chronic,x,,,,,,,,
,Ecstasy abuse,chronic,x,,,,,,,,
EDS,Ehlers-Danlos syndrome,chronic,x,,,,,,,,
,Elephantiasis,chronic,x,,,,,,,,
,Emphysema,chronic,,,,,,,,,
,Encephalocele,chronic,,,,,,,,,
ESRD,"End-stage renal disease, End stage renal disease, end stage kidney disease",chronic,x,,,,,On PD/HD *** Days: ***,Inpatient dialysis notified,,
,Endolymphatic hydrops,chronic,,,,,,,,,
,Endometrial cancer,chronic,x,,,,,,,,
,Endometriosis,chronic,x,,,,,,,,
,Enthesopathy,chronic,,,,,,,,,
,Enuresis,chronic,,,,,,,,,
,Eosinophilia,chronic,,,,,,,,,
,Eosinophilic esophagitis,chronic,x,,,,,,,,
EGPA,"Eosinophilic granulomatosis with polyangiitis, Churg-Strauss syndrome, Allergic granulomatosis and angiitis",chronic,x,,,,,,,,
,Epidermolysis bullosa,chronic,x,,,,,,,,
,Epilepsy,chronic,x,,,,,,,,
,Equinovarus foot deformity,chronic,x,,,,,,,,
,Erb palsy,chronic,,,,,,,,,
,Esophageal aperistalsis,chronic,,,,,,,,,
,Esophageal cancer,chronic,x,,,CA,,,,,
,"Esophageal varices, gastroesophageal varices",chronic,x,,,HGB,HGB,,,,
,Esotropia,chronic,,,,,,,,,
HTN,"Hypertension, essential hypertension, benign hypertension",chronic,x,,,,,,,,
ET,Essential thrombocytosis,chronic,x,,,PLT,PLT,,,,
,Essential tremor,chronic,x,,,,,,,,
,Ewing sarcoma,chronic,x,,,,,,,,
,Exotropia,chronic,,,,,,,,,
,Fabry disease,chronic,x,,,,,,,,
,Factitious disorders,chronic,x,,,,,,,,
FAP,Familial adenomatous polyposis syndromes,chronic,x,,,,,,,,
FMF,Familial Mediterranean fever,chronic,x,,,,,,,,
,Farmer's lung,chronic,,,,,,,,,
,Fibrocystic breasts,chronic,,,,,,,,,
,Fibromyalgia,chronic,,,,,,,,,
,Fissured tongue,chronic,,,,,,,,,
FSGS,Focal segmental glomerulosclerosis,chronic,x,,,,,,,,
,Focal seizures,chronic,x,,,,,,,,
,Folate deficiency,chronic,x,,,,,,,,
,Follicular carcinoma,chronic,x,,,,,,,,
,Food allergy,chronic,,,,,,,,,
,Frontotemporal dementia,chronic,x,,,,,,,,
,Functional bowel disease,chronic,,,,,,,,,
,Galactorrhea,chronic,,,,,,,,,
,Gallstones,chronic,x,,,,,,,,
,Ganglion cyst,chronic,,,,,,,,,
,Gardner syndrome,chronic,x,,,,,,,,
GAVE,Gastric antral vascular ectasias,chronic,x,,,,,,,Liver cirrhosis,
,Gastric cancer,chronic,x,,,,,,,,
,Gastrinoma,chronic,x,,,,,,,,
GERD,"Gastroesophageal reflux disease, Acid reflux, Heartburn, Pyrosis",chronic,x,,,,,,,,
GIST,Gastrointestinal stromal tumors,chronic,x,,,,,,,,
,"Gastroparesis, Delayed gastric emptying",chronic,x,,,,,,Small low-fat meals 4-5x/day,"systemic sclerosis, hypothyroidism, DM",
,Gastroschisis,chronic,,,,,,,,,
,Gaucher disease,chronic,x,,,,,,,,
,Gender dysphoria in adults,chronic,,,,,,,,,
,Gender identity disorders,chronic,,,,,,,,,
GAD,Generalized anxiety disorder,chronic,x,,,,,,,,
,Generalized seizures,chronic,x,,,,,,,,
,Genital abnormalities,chronic,,,,,,,,,
,Geographic tongue,chronic,,,,,,,,,
,Germ cell cancer,chronic,x,,,,,,,,
,Gerstmann-Straussler-Scheinker disease,chronic,,,,,,,,,
,,,,,,,,,,,
,Gestational hypertension,chronic,x,,,,,,,,
,Gilbert syndrome,chronic,x,,,,,,,,
,Glaucoma,chronic,,,,,,,,,
,Glioblastoma,chronic,x,,,,,,,,
,Glioma,chronic,x,,,,,,,,
,Glomerulonephritis,chronic,x,,,,,,,,
G6PD deficiency,Glucose-6-phosphate-dehydrogenase deficiency,chronic,x,,,"HGB, MCHC",,,,,
,Goiter,chronic,x,,,,,,,,
,Golfer's elbow,chronic,,,,,,,,,
,Gonadal dysgenesis,chronic,,,,,,,,,
,Gout,chronic,,URICACID,,,,,,,
,Grand mal seizures,chronic,x,,,,,,,,
,Granuloma annulare,chronic,,,,,,,,,
GPA,"Granulomatosis with polyangiitis, Wegener granulomatosis",chronic,x,,,,,,,,
,Graves disease,chronic,x,,,,,,,,
,Growth hormone deficiency,chronic,x,,,,,,,,
GBS,Guillain-Barre syndrome,chronic,x,,,,,,,,
,Gum disease,chronic,,,,,,,,,
,Guttate psoriasis,chronic,x,,,,,,,,
,Gynecomastia,chronic,,,,,,,,,
,Hairy cell leukemia,chronic,x,,,,,,,,
,Hairy leukoplakia,chronic,x,,,,,,,,
,Hairy tongue,chronic,,,,,,,,,
,Halitosis,chronic,,,,,,,,,
,Hashimoto thyroiditis,chronic,x,,,,,,,,
,Head and neck cancer,chronic,x,,,,,,,,
HFpEF,"zzzHeart failure with preserved ejection fraction, diastolic heart failure",chronic,x,,,,,,,,
HFrEF,"zzzHeart failure with reduced ejection fraction, systolic heart failure",chronic,x,,,,,,,,
,Hemangioma,chronic,,,,,,,,,
,Hemochromatosis,chronic,x,,,,,,,,
,Hemophilia A,chronic,x,,,,,,,,
,Hemophilia B,chronic,x,,,,,,,,
,Hemorrhoids,chronic,,,,,,,,,
HSP,"IgA vasculitis, Henoch-Schonlein purpura",chronic,x,,,,,,,,
HIT,Heparin-induced thrombocytopenia,chronic,,HEPINDPLTAB,,"PLT, INR, PTT",PLT,,,,
HBV,Hepatitis B virus,chronic,,,,,,,,,
HCV,"Hepatitis C, Hepatitis C virus",chronic,,,,,,,,,
HCC,"Hepatocellular carcinoma, hepatoma, liver cancer",chronic,,AFPTM,AFPTM,,,,,"HBV, HCV, Liver cirrhosis, Liver adenoma",
,Hereditary nephritis,chronic,x,,,,,,,,
HS,Hereditary spherocytosis,chronic,,,,,,,,,
,Hernia,chronic,,,,,,,,,
,Heroin addiction,chronic,x,,,,,,,,
,Hiatal hernia,chronic,x,,,,,,,,
,Hidradenitis suppurativa,chronic,x,,,,,,,,
,Hirschsprung disease,chronic,,,,,,,,,
,Hirsutism,chronic,,,,,,,,,
LCH,"Histiocytosis X, Langerhans cell histiocytosis",chronic,x,,,,,,,,
,Histrionic personality disorder,chronic,x,,,,,,,,
HIV,"HIV infection, Human immunodeficiency virus infection",chronic,x,"CD4, HIV1RNACOPIE","CD4, HIV1RNACOPIE",,,,,,
,Hoarseness,chronic,,,,,,,,,
,Hospice care,chronic,x,,,,,,,,
,Hunter disease,chronic,,,,,,,,,
,Huntington disease,chronic,x,,,,,,,,
,Hurthle cell carcinoma,chronic,x,,,,,,,,
,Hydatid cyst,chronic,,,,,,,,,
,Hydatidiform mole,chronic,,,,,,,,,
,Hydrocele,chronic,,,,,,,,,
,Hydrocephalus,chronic,,,,,,,,,
,Hydrophobia,chronic,,,,,,,,,
HLD,Hypercholesterolemia,chronic,x,"LDLCALC, TRIGLYCERIDE",LDLCALC,,,,,,
,Hyperkalemia,chronic,,,,"K, CREAT, CO2",K,EKG showing ***,Repeat levels,"AKI, CKD, TLS, Rhabdomyolysis, ESRD",
HLD,"Hyperlipidemia, dyslipidemia",chronic,x,,,,,,,,
,Hypermobility syndrome,chronic,,,,,,,,,
,Hyperprolactinemia,chronic,x,,,,,,,,
,Hyperthyroidism,chronic,x,"TSH, T4FREE",T4FREE,,,,,,
,Hypertrichosisis,chronic,,,,,,,,,
,Hypertriglyceridemia,chronic,x,TRIGLYCERIDE,,,,,,,
HCM,Hypertrophic cardiomyopathy,chronic,x,,,,,,,,
HOCM,Hypertrophic obstructive cardiomyopathy,chronic,x,,,,,,,,
,Hypertrophic pyloric stenosis,chronic,x,,,,,,,,
,Hyperuricemia,chronic,,URICACID,,"CREAT, GFR",,,,,
,Hypochondriasis,chronic,,,,,,,,,
,Hypogammaglobulinemia,chronic,x,,,,,,,,
,Hypogonadism in females,chronic,,,,,,,,,
,Hypogonadism in males,chronic,,,,,,,,,
,Hypophosphatemia,acute,,,,,,,Replace PO4,,
,Hypoparathyroidism,chronic,x,,,,,,,,
,Hypopituitarism,chronic,x,,,,,,,,
,"Hypothalamic hypothyroidism, secondary hypothyroidism",chronic,x,,,,,,,,
,Hypoventilation syndromes,chronic,,,,,,,,,
,"Vitamin D deficiency, Hypovitaminosis D",chronic,,,,,,,,,
,Ichthyosis,chronic,,,,,,,,,
,Idiopathic hypertrophic subaortic stenosis,chronic,x,,,,,,,,
,Idiopathic inflammatory myopathies,chronic,x,,,,,,,,
,Idiopathic intracranial hypertension,chronic,x,,,,,,,,
IPAH,Idiopathic pulmonary arterial hypertension,chronic,x,,,,,,,,
IPF,Idiopathic pulmonary fibrosis,chronic,x,,,,,,,,
,IgA deficiency,chronic,x,,,,,,,,
,"IgA nephropathy, Berger disease",chronic,x,,,,,,,,
,Iliotibial band syndrome,chronic,,,,,,,,,
ITP,Immune thrombocytopenia,chronic,x,,,"PLT, INR, PTT",,,,,
,Immunodeficiency,chronic,x,,,,,,,,
,Impotence,chronic,,,,,,,,,
,"Incidental adrenal mass, Incidentaloma",chronic,x,,,,,,,,
,Inclusion body myositis,chronic,x,,,,,,,,
,Incontinence,chronic,,,,,,,,,
,Indigestion,chronic,,,,,,,,,
IBD,Inflammatory bowel disease,chronic,x,,,,,,,,
,Inguinal hernia,chronic,x,,,,,,,,
,Insomnia,chronic,,,,,,,,,
,,,,,,,,,,,
,"Interstitial cystitis, bladder pain syndrome",chronic,,,,,,,,,
,Intestinal ischemia,chronic,x,,,,,,,,
,Intestinal malrotation,chronic,,,,,,,,,
IDA,Iron deficiency anemia,chronic,x,"IRON, TIBC, IRONPERCENT, FERRITIN, VITAMINB12, FOLATE",,HGB,,,,"Celiac disease, Malabsorption",
IBS,Irritable bowel syndrome,chronic,x,,,,,,,,
,Juvenile absence epilepsy,chronic,x,,,,,,,,
JIA,Juvenile idiopathic arthritis,chronic,x,,,,,,,,
,Kallmann syndrome,chronic,x,,,,,,,,
,Kaposi sarcoma,chronic,x,,,,,,,,
,Kawasaki disease,chronic,x,,,,,,,,
,Keloid,chronic,,,,,,,,,
,Keratoconjunctivitis sicca,chronic,,,,,,,,,
,Keratoma,chronic,,,,,,,,,
RCC,"Kidney cancer, renal cell carcinoma",chronic,x,,,"(HGB, CA, CREAT), (RBCUA, WBCU, LD)",,"CT of the abdomen showing ***, Smoking history ***, Family history ***","MRI of the abdomen, Urology consult",VHL syndrome,LD
Nephrolithiasis,"Kidney stones, nephrolithiasis, renal calculi",chronic,x,,,"CREAT, GFR, RBCUA, WBCU",,CT of the abdomen showing ***,"Urology consult, NPO and IV fluids, Pain control and anti-emetics",,
,Klatskin tumor,chronic,x,,,,,,,,
,Kuru,chronic,,,,,,,,,
,Kwashiorkor,chronic,,,,,,,,,
,Lactase deficiency,chronic,x,,,,,,,,
,Lactose intolerance,chronic,x,,,,,,,,
,Laparoschisis,chronic,,,,,,,,,
,Large cell carcinoma,chronic,x,,,,,,,,
,Laryngeal cancer,chronic,x,,,,,,,,
,Laryngeal dysphonia,chronic,,,,,,,,,
,Laryngomalacia,chronic,x,,,,,,,,
,Lazy eye,chronic,,,,,,,,,
,Legg-Calve-Perthes disease,chronic,,,,,,,,,
,Leiomyomata,chronic,x,,,,,,,,
,Leiomyosarcoma,chronic,x,,,,,CT scan ***,,,
,Lichen planus,chronic,x,,,,,,,,
,Lichen simplex chronicus,chronic,,,,,,,,,
,Limb girdle muscular dystrophy,chronic,,,,,,,,,
CREST,"Limited cutaneous systemic sclerosis, CREST syndrome, CREST",chronic,x,,,,,,,,
,Lipoid nephrosis,chronic,,,,,,,,,
,Lipoma,chronic,,,,,,,,,
,Liposarcoma,chronic,x,,,,,,,,
LCIS,Lobular carcinoma in situ,chronic,x,,,,,,,,
,Lumbar spondylosis,chronic,,,,,,,,,
,Lumbosacral intervertebral disk disorders,chronic,,,,,,,,,
,Lumbosacral pain,chronic,,,,,,,,,
,Lung adenocarcinoma,chronic,x,,,,,,,,
,Lupus anticoagulant syndrome,chronic,,,,,,,,,
LAD,Lymphadenopathy,chronic,x,,,,,,,,
,Lymphedema,chronic,,,,,,,,,
,Lymphoma,chronic,x,,,,,,,,
,Lysosomal storage diseases,chronic,x,,,,,,,,
MDD,"Major depressive disorder, Depression",chronic,x,,,,,No suicidal ideation ***,,,
,Male factor infertility,chronic,,,,,,,,,
,Malnutrition,chronic,,,,,,,Pathway initiated,,
,Manic-depression,chronic,x,,,,,,,,
,Marfan syndrome,chronic,x,,,,,,,,
MODY,Maturity onset diabetes of the young,chronic,x,,,,,,,,
,Meckel diverticulum,chronic,x,,,,,,,,
,Mediastinal mass,chronic,,,,,,,,,
,Medullary carcinoma,chronic,x,,,,,,,,
,Medullary sponge kidney,chronic,x,,,,,,,,
,Medulloblastoma,chronic,x,,,,,,,,
,Meibomian gland disorders,chronic,,,,,,,,,
,Melanoma,chronic,x,,,,,,,,
,Melasma,chronic,,,,,,,,,
,Membranous nephropathy,chronic,x,,,,,,,,
,Memory deficit,chronic,,,,,,,,,
,Meniere disease,chronic,x,,,,,,,,
,Meningioma,chronic,x,,,,,,,,
,Meningocele,chronic,x,,,,,,,,
,Meningomyelocele,chronic,x,,,,,,,,
,Menopause,chronic,,,,,,,,,
,Menstrual disorders,chronic,,,,,,,,,
,Menstrual pain,chronic,,,,,,,,,
,Mesothelioma,chronic,x,,,,,,,,
,Metabolic syndrome,chronic,,,,,,,,,
,Metastatic breast cancer,chronic,x,,,,,,,,
,"Methamphetamine abuse, Methamphetamine use",chronic,x,,,,,,,,
,Migraine headache,chronic,x,,,,,,,,
,Miliaria,chronic,,,,,,,,,
,Milk intolerance,chronic,,,,,,,,,
,Mineralocorticoid deficiency,chronic,x,,,,,,,,
MCD,Minimal change disease,chronic,x,,,,,,,,
,Miscarriage,chronic,,,,,,,,,
MR,Mitral regurgitation,chronic,x,,,,,,See above,,
,Mitral stenosis,chronic,x,,,,,,See above,,
MVP,Mitral valve prolapse,chronic,x,,,,,,See above,,
MCTD,Mixed connective tissue disease,chronic,x,,,,,,,,
,Monoclonal gammopathies,chronic,x,,,,,,,,
MGUS,Monoclonal gammopathy of undetermined significance,chronic,x,,,,,,,,
,Mononeuritis multiplex,chronic,x,,,,,,,,
,Morbid obesity,chronic,,,,,,,,,
,Mucocutaneous lymph node syndrome,chronic,x,,,,,,,,
,Mucopolysaccharidoses,chronic,x,,,,,,,,
MALT lymphoma,"Mucosa-associated lymphoid tissue, MALT lymphoma",chronic,,,,,,,,,
,"Multi-infarct dementia, Vascular dementia",chronic,,,,,,,,,
MEN,Multiple endocrine neoplasia,chronic,x,,,,,,,,
MEN,Multiple endocrine neoplasia syndromes,chronic,x,,,,,,,,
MM,Multiple myeloma,chronic,x,,,,,,,,
MS,Multiple sclerosis,chronic,x,,,,,,,,
,Munchausen syndrome,chronic,x,,,,,,,,
,Muscle cramps,chronic,,,,,,,,,
,Muscular dystrophies,chronic,x,,,,,,,,
,Myalgic encephalomyelitis,chronic,,,,,,,,,
MG,Myasthenia gravis,chronic,x,,,,,,,,
MDS,"Myelodysplastic syndrome, Myelodysplasia",chronic,x,,,,,,,,
,Myelofibrosis,chronic,x,,,,,,,,
,Myocsis fungoides,chronic,x,,,,,,,,
,Myofascial pain,chronic,,,,,,,,,
,Narcissistic personality disorder,chronic,x,,,,,,,,
,Narcolepsy,chronic,x,,,,,,,,
,Narcotic addiction,chronic,,,,,,,,,
,Nasal polyps,chronic,,,,,,,,,
NPC,Nasopharyngeal carcinoma,chronic,x,,,,,,,,
,Neimann-Pick disease,chronic,x,,,,,,,,
,Nephroblastoma,chronic,x,,,,,,,,
Nephrogenic DI,Nephrogenic diabetes insipidus,chronic,x,,,,,,,,
NTD,Neural tube defects,chronic,x,,,,,,,,
,Neuroblastoma,chronic,x,,,,,,,,
NET,Neuroendocrine tumors,chronic,x,,,,,,,,
NF-1,"Neurofibromatosis type 1, von Recklinghausen disease",chronic,x,,,,,,,,
NMO,Neuromyelitis optica,chronic,x,,,,,,,,
,Neuropathy,chronic,x,,,,,,,,
,Nevi,chronic,,,,,,,,,
,Night blindness,chronic,x,,,,,,,,
,Night terrors,chronic,x,,,,,,,,
,Nightmares,chronic,,,,,,,,,
,Nil disease,chronic,,,,,,,,,
,Nocturnal enuresis,chronic,x,,,,,,,,
,Nocturnal myoclonus syndrome,chronic,,,,,,,,,
NAFLD,"Non-alcoholic fatty liver disease, Fatty liver, Hepatic steatosis",chronic,x,,,,,,,,
NASH,Non-alcoholic steatohepatitis,chronic,x,,,,,,,,
,Non-allergic rhinitis,chronic,,,,,,,,,
NHL,Non-Hodgkin lymphoma,chronic,x,,,,,,,,
,Current smoker,chronic,,,,,,,- Smoking cessation,,
NSCL,Non-small cell lung cancer,chronic,x,,,,,,,,
,Nonfunctional pituitary adenoma,chronic,x,,,,,,,,
NPH,Normal pressure hydrocephalus,chronic,x,,,,,,,,
,"Oat cell carcinoma, large cell carcinoma",chronic,x,,,,,,,,
,Obesity,chronic,,,,,,,,,
OHS,"Obesity hypoventilation, obesity hypoventilation syndrome",chronic,x,,,,,,At risk for hypercapnic respiratory failure-monitor,,
OCD,"Obsessive-compulsive disorder, obsessive compulsive disorder",chronic,x,,,,,,,,
OSA,Obstructive sleep apnea,chronic,x,,,,,,CPAP [home settings] ***,,
,Occupational asthma,chronic,x,,,,,,,,
,Occupational overuse syndromes,chronic,,,,,,,,,
,Oligodendroglioma,chronic,x,,,,,,,,
,Omphalocele,chronic,,,,,,,,,
,Ondine's curse,chronic,,,,,,,,,
,Open-angle glaucoma,chronic,x,,,,,,,,
,"Opiate abuse, Opioid use disorder",chronic,x,,,,,,,,
,Oral leukoplakia,chronic,,,,,,,,,
,Oropharyngeal cancer,chronic,x,,,,,,,,
,Osgood-Schlatter disease,chronic,x,,,,,,,,
,Osteitis deformans,chronic,,,,,,,,,
,Osteochondritis dissecans,chronic,,,,,,,,,
,Osteomalacia,chronic,,,,,,,,,
,Osteoporosis,chronic,x,,,,,,,,
,Osteosarcoma,chronic,x,,,,,,,,
,Ovarian cancer,chronic,x,,,,,,,,
,Ovarian cyst,chronic,,,,,,,,,
,Ovarian failure,chronic,x,,,,,,,,
PCOS,"Ovarian polycystic syndrome, Polycystic ovary syndrome, Stein-Leventhal syndrome",chronic,x,,,,,,,,
,Overactive bladder,chronic,x,,,,,,,,
,Overweight,chronic,,,,,,,,,
,Paget disease of bone,chronic,x,,,,,,,,
,Painful bladder syndrome,chronic,,,,,,,,,
,Painless lymphocytic thyroiditis,chronic,x,,,,,,,,
,Palliative care,chronic,x,,,,,,,,
,Palmar fibrosis,chronic,,,,,,,,,
,Pancreatic cancer,chronic,x,,,,,,,,
,Panhypopituitarism,chronic,x,,,,,,,,
,Panic disorder,chronic,,,,,,,,,
,Papillary carcinoma,chronic,x,,,,,,,,
,Paraomphalocele,chronic,,,,,,,,,
,Paraphimosis,chronic,,,,,,,,,
,Parasomnias,chronic,x,,,,,,,,
,Parathyroid hormone excess,chronic,x,,,,,,,,
,Paresthesia,chronic,,,,,,,,,
PD,Parkinson disease,chronic,x,,,,,,,,
PNH,Paroxysmal nocturnal hemoglobinuria,chronic,x,,,,,,,,
,Parthyroid hormone deficiency,chronic,,,,,,,,,
,Partial seizures,chronic,x,,,,,,,,
PDA,Patent ductus arteriosus,chronic,x,,,,,,,,
PFO,Patent foramen ovale,chronic,x,,,,,,,,
,Pellagra,chronic,x,,,,,,,,
,Pelvic organ prolapse,chronic,x,,,,,,,,
,Pemphigus vulgaris,chronic,x,,,,,,,,
PUD,Peptic ulcer disease,chronic,x,,,,,,,,
,Perimenopause,chronic,,,,,,,,,
,Periodic limb movement disorder,chronic,,,,,,,,,
,Periodontal disease,chronic,,,,,,,,,
PAD,"Peripheral arterial disease, peripheral vascular disease, peripheral artery disease",chronic,x,,,,,Pulses ***,,,
,Peripheral edema,chronic,,,,,,,,,
,Peripheral neuropathy,chronic,x,,,,,,,,
,"Perleche, angular chelitis",chronic,,,,,,,,,
,Pernicious anemia,chronic,,"IRON, TIBC, IRONPERCENT, FERRITIN, VITAMINB12, FOLATE",,HGB,,,,,
,Persistent depressive disorder,chronic,x,,,,,,,,
,Personality disorders,chronic,,,,,,,,,
,Petit mal seizures,chronic,x,,,,,,,,
,Peutz-Jeghers syndrome,chronic,x,,,,,,,,
PKU,Phenylketonuria,chronic,x,,,,,,,,
,Pheochromocytoma,chronic,x,,,,,,,,
,Phobias,chronic,,,,,,,,,
,Phonation disorders,chronic,,,,,,,,,
,Photoallergy,chronic,,,,,,,,,
,Pickwickian syndrome,chronic,x,,,,,,,,
,Pilonidal disease,chronic,,,,,,,,,
,Pituitary adenoma,chronic,x,,,,,,,,
,Pituitary deficiency,chronic,,,,,,,,,
,Pituitary mass,chronic,x,,,,,,,,
,Pituitary neoplasms,chronic,x,,,,,,,,
,Pityriasis rosea,chronic,,,,,,,,,
,Pityriasis versicolor,chronic,,,,,,,,,
,Plasma cell dyscrasia,chronic,x,,,,,,,,
,Plasmacytoma,chronic,x,,,,,,,,
,Pneumoconioses,chronic,x,,,,,,,,
,Podagra,chronic,,URICACID,,,,,,,
,Poliovirus infection,chronic,x,,,,,,,,
PAN,"Polyarteritis nodosa, Panarteritis nodosa",chronic,x,,,"ESR, CRP","ESR, CRP",,,,
PKD,Polycystic kidney disease,chronic,x,,,,,,,,
PV,Polycythemia vera,chronic,x,,,,,,,,
PMR,Polymyalgia rheumatica,chronic,x,,,"ESR, CRP","ESR, CRP",,,,
,Polymyositis,chronic,x,,,CPK,CPK,,,,
,Polyneuropathy,chronic,x,,,,,,,,
,Pompe disease,chronic,x,,,,,,,,
,Popliteal cyst,chronic,,,,,,,,,
PCT,Porphyria cutanea tarda,chronic,x,,,,,,,,
,Post-herpetic neuralgia,chronic,x,,,,,,,,
,Post-infectious cough,chronic,,,,,,,,,
,Post-nasal drip,chronic,,,,,,,,,
PTSD,"Post-traumatic stress disorder, post traumatic stress disorder",chronic,x,,,,,,,,
,Postherpetic neuralgia,chronic,x,,,,,,,,
,Postinfectious cough,chronic,,,,,,,,,
,Postnasal drip,chronic,,,,,,,,,
,Postpartum depression,chronic,x,,,,,,,,
,Precocious puberty,chronic,,,,,,,,,
,Pregnancy-induced hypertension,chronic,,,,,,,,,
,Premature ovarian failure,chronic,x,,,,,,,,
PMDD,Premenstrual dysphoric disorder,chronic,x,,,,,,,,
,Primary adrenal insufficiency,chronic,x,,,,,,,,
,Primary aldosteronism,chronic,x,,,,,,,,
,Primary amenorrhea,chronic,x,,,,,,,,
PBC,"Primary biliary cholangitis, primary biliary cirrhosis",chronic,x,"MITOCHAB, VITAMINDTO",,"ALKPHOS, ALBUMIN, BILITOTAL",ALKPHOS,,,Liver cirrhosis,
,"Hyperparathyroidism, Primary hyperparathyroidism",chronic,x,,,,,,,,
,"Hypothyroidism, Primary hypothyroidism",chronic,x,TSH,TSH,,,,,,
,Primary invasive breast cancer,chronic,x,,,,,,,,
,Primary myelofibrosis,chronic,x,,,,,,,,
,Primary open-angle glaucoma,chronic,x,,,,,,,,
,Prion disease,chronic,x,,,,,,,,
,Prolactinoma,chronic,x,,,,,,,,
,Prostate cancer,chronic,x,,,,,,,,
,Protein C deficiency,chronic,x,,,,,,,,
,Protein S deficiency,chronic,x,,,,,,,,
,Prothrombin gene mutation,chronic,,,,,,,,,
,Pseudohypoparathyroidism,chronic,x,,,,,,,,
IIH,"Idiopathic intracranial hypertension, Pseudotumor cerebri",chronic,x,,,,,,,,
,Psoriasis,chronic,x,,,,,,,,
,Psoriatic arthritis,chronic,x,,,,,,,,
,Pterygium,chronic,,,,,,,,,
,PTH resistance,chronic,x,,,,,,,,
PAH,"Pulmonary arterial hypertension, Pulmonary hypertension",chronic,x,,,,,,,,
PR,Pulmonary regurgitation,chronic,x,,,,,,See above,,
PS,"Pulmonary stenosis, Pulmonary valve stenosis",chronic,x,,,,,,,,
,Pyloric stenosis,chronic,x,,,,,,,,
,Rectal cancer,chronic,x,,,,,,,,
,Reflex sympathetic dystrophy,chronic,x,,,,,,,,
,"Reiter syndrome, Reiter's syndrome, Reiters syndrome, Reactive arthritis",chronic,x,,,,,,,,
,Renal artery stenosis,chronic,x,,,,,,,,
,Renal cystic disease,chronic,,,,,,,,,
RTA,Renal tubular acidosis,chronic,x,,,,,,,,
,Renovascular hypertension,chronic,x,,,,,,,,
RLS,Restless legs syndrome,chronic,,,FERRITIN,,,,,,
,Retinitis pigmentosa,chronic,x,,,,,,,,
,Retinoblastoma,chronic,x,,,,,,,,
,Rhabdomyosarcoma,chronic,x,,,,,,,,
,Rheumatic fever,chronic,x,,,,,,,,
RA,Rheumatoid arthritis,chronic,x,,,,,,,,
,Rickets,chronic,,,,,,,,,
,Rotor syndrome,chronic,x,,,,,,,,
,Sarcoidosis,chronic,x,,,CA,,,,,
,Scar,chronic,,,,,,,,,
,Schizoaffective disorder,chronic,x,,,,,,,,
,Schizophrenia,chronic,x,,,,,,,,
,Schwannoma,chronic,x,,,,,,,,
,Sciatica,chronic,,,,,,,,,
,Sclerodactyly,chronic,,,,,,,,,
,Scleroderma,chronic,x,,,,,,,,
,Scurvy,chronic,x,,,,,,,,
,Seasonal affective disorder,chronic,x,,,,,,,,
,Seasonal allergies,chronic,,,,,,,,,
,Seborrheic dermatitis,chronic,,,,,,,,,
,Seborrheic keratosis,chronic,,,,,,,,,
,Secondary amenorrhea,chronic,,,,,,,,,
,Secondary hyperparathyroidism,chronic,,,,,,,,,
,"Seizure disorder, Seizures",chronic,x,,,,,,,,
,Seminoma,chronic,x,,,,,,,,
,Seronegative arthritis,chronic,x,,,,,,,,
SCID,Severe combined immunodeficiency,chronic,x,,,,,,,,
,Sexual dysfunction,chronic,,,,,,,,,
PMDD,Premenstrual dysphoric disorder,chronic,,,,,,,,,
,Sezary syndrome,chronic,x,,,,,,,,
,"Short bowel syndrome, Short gut syndrome",chronic,x,,,,,,,,
,Short stature,chronic,,,,,,,,,
,Shoulder impingement syndrome,chronic,,,,,,,,,
,Sicca syndrome,chronic,x,,,,,,,,
,Sickle cell anemia,chronic,x,"IRON, TIBC, IRONPERCENT, FERRITIN, VITAMINB12, FOLATE",,"HGB, RETIC",,,,,RETIC
,Silent thyroiditis,chronic,,,,,,,,,
,Silicosis,chronic,x,,,,,,,,
,Singultus,chronic,,,,,,,,,
,Sjogren syndrome,chronic,x,,,,,,,,
,Skin cancer,chronic,,,,,,,,,
,Sleep disorders,chronic,,,,,,,,,
,Sleep walking,chronic,,,,,,,,,
,Sleep-disordered breathing,chronic,,,,,,,,,
SCFE,Slipped capital femoral epiphysis,chronic,,,,,,,,,
SCLC,Small cell lung cancer,chronic,x,,,,,,,,
,Smoking cessation,chronic,,,,,,,,,
,Snoring,chronic,,,,,,,,,
,Social anxiety disorder,chronic,,,,,,,,,
,Soft tissue sarcoma,chronic,x,,,,,,,,
,Solar keratosis,chronic,,,,,,,,,
,Solitary pulmonary nodule,chronic,,,,,,,,,
,Somatotropin deficiency,chronic,x,,,,,,,,
,Spastic colon,chronic,,,,,,,,,
,Spina bifida,chronic,x,,,,,,,,
,Spinal stenosis,chronic,x,,,,,,,,
,Spinal stenosis,chronic,,,,,,,,,
SCC,Squamous cell carcinoma,chronic,x,,,,,,,,
,Squamous cell carcinoma of the skin,chronic,x,,,,,,,,
,"Stable ischemic heart disease, stable angina",chronic,x,,,,,,,,
,Steatorrhea,chronic,x,,,,,,,,
,Still's disease,chronic,x,,,,,,,,
,Stimulant abuse,chronic,x,,,,,,,,
,"Stomach cancer, gastric cancer",chronic,x,,,,,,,,
,Strabismus,chronic,,,,,,,,,
,Stress urinary incontinence,chronic,,,,,,,,,
,"Subacute granulomatous thyroiditis, De Quervain's thyroiditis",chronic,,,,,,,,,
,Subacute lymphocytic thyroiditis,chronic,"
",,,,,,,,
,Subcortical vascular dementia,chronic,,,,,,,Delirium precautions,,
,Substance abuse,chronic,x,,,,,,,,
SIADH,Syndrome of inappropriate antidiuretic hormone,chronic,x,,,,,,,,
,Syndrome X,chronic,x,,,,,,,,
,Synovial cyst,chronic,,,,,,,,,
SLE ,Systemic lupus erythematosus,chronic,x,,,,,,,,
,Systemic sclerosis,chronic,x,,,,,,,,
,Tailbone pain,chronic,,,,,,,,,
,Takayasu arteritis,chronic,x,,,"ESR, CRP","ESR, CRP",,,,
,Talipes equinovarus,chronic,,,,,,,,,
,Tardive dyskinesia,chronic,x,,,,,,,,
,Tay-Sachs disease,chronic,x,,,,,,,,
,Telangiectasia,chronic,x,,,,,,,,
,Temporomandibular joint syndrome,chronic,,,,,,,,,
,Tension-type headache,chronic,x,,,,,,,,
,Testicular cancer,chronic,x,,,,,,,,
,Testosterone deficiency,chronic,,,,,,,,,
TOF,Tetralogy of Fallot,chronic,x,,,,,,,,
,Thalassemia,chronic,x,,,,,,,,
,Thoracic outlet syndrome,chronic,x,,,,,,,,
,Thrombophilia,chronic,x,,,,,,,,
,Thyroid cancer,chronic,x,,,,,,,,
,Thyroid lymphoma,chronic,x,,,,,,,,
,"Thyroid mass, Thyroid enlargement",chronic,x,,,,,,,,
,Thyroiditis,chronic,,,,,,,,,
,Tic disorders,chronic,,,,,,,,,
,Tic douloureux,chronic,,,,,,,,,
,Tietze syndrome,chronic,,,,,,,,,
,Tinea versicolor,chronic,,,,,,,,,
,Tobacco abuse,chronic,,,,,,,,,
,Tourette syndrome,chronic,x,,,,,,,,
,"Toxic multinodular goiter, Plummer disease",chronic,x,,,,,,,,
,Toxic thyroid adenoma,chronic,x,,,,,,,,
,Transplant,chronic,,,,,,,,,
,Transsexualism,chronic,,,,,,,,,
TBI,Traumatic brain injury,chronic,x,,,,,,,,
TR,Tricuspid regurgitation,chronic,x,,,,,,See above,,
TS,Tricuspid stenosis,chronic,x,,,,,,,,
,Trigeminal neuralgia,chronic,x,,,,,,,,
,Tropical sprue,chronic,x,,,,,,,,
,Tuberous sclerosis complex,chronic,x,,,,,,,,
,Turcot syndrome,chronic,x,,,,,,,,
,Turner syndrome,chronic,x,,,,,,,,
,,,,,,,,,,,
,Type 1 glycogen storage disease,chronic,x,,,,,,,,
,,,,,,,,,,,
UC,Ulcerative colitis,chronic,x,"ESR, CRP","ESR, CRP",,,,,,
,Umbilical hernia,chronic,x,,,,,,,,
,Undescended testis,chronic,,,,,,,,,
,Urge incontinence,chronic,,,,,,,,,
,Urinary incontinence in women,chronic,,,,,,,,,
,Urine incontinence,chronic,,,,,,,,,
,Uterine cancer,chronic,x,,,,,,,,
,Uterine fibroids,chronic,,,,,,,,,
,Uterine prolapse,chronic,,,,,,,,,
,Varicocele,chronic,,,,,,,,,
,Varicose veins,chronic,,,,,,,,,
,Vascular dementia,chronic,x,,,,,,Delirium precautions,,
,Venereal warts,chronic,,,,,,,,,
,Venous insufficiency,chronic,x,,,,,,,,
VSD,Ventricular septal defects,chronic,x,,,,,,,,
,Verruca vulgaris,chronic,,,,,,,,,
,Vertigo,chronic,,,,,,,,,
,Vestibular schwannoma,chronic,x,,,,,,,,
VIPoma,"VIPoma, Vasoactive intestinal peptide secreting tumor",chronic,x,,,,,,,,
,Vitamin B1 deficiency,chronic,x,,,,,,,,
,Vitamin B3 deficiency,chronic,x,,,,,,,,
,Vitamin C deficiency,chronic,x,,,,,,,,
,Vitiligo,chronic,x,,,,,,,,
,Vocal cord dysfunction,chronic,,,,,,,,,
,Voice disorders,chronic,,,,,,,,,
,von Gierke disease,chronic,x,,,,,,,,
vWD,von Willebrand disease,chronic,x,,,,,,,,
,Waldenstrom macroglobulinemia,chronic,x,,,,,,,,
,Wilms tumor,chronic,x,,,,,,,,
WAS,Wiskott-Aldrich syndrome,chronic,x,,,,,,,,
,Xanthoastrocytoma,chronic,x,,,,,,,,
,Xerophthalmia,chronic,,,,,,,,,
,Xerostomia,chronic,,,,,,,,,
,Zinc deficiency,chronic,x,,,,,,,,
ZES,Zollinger-Ellison syndrome,chronic,x,,,,,,,,
,Bipolar disorder with psychosis,chronic,x,,,,,,,,
,Weight gain,chronic,,,,,,,,,
,Schizophreniform disorder,chronic,x,,,,,,,,
,Brief psychotic disorder,chronic,,,,,,,,,
,Akathisia,chronic,,,,,,,,,
,Extrapyramidal symptoms,chronic,,,,,,,,,
,zzzRestrictive cardiomyopathy,chronic,x,,,,,,,,
ADPKD,Autosomal dominant polycystic kidney disease,chronic,x,,,,,,,,
,Adult-onset Still disease,chronic,x,,,,,,,,
ASCVD,Atherosclerotic cardiovascular disease,chronic,x,,,,,,,,
,Portal hypertension,chronic,,,,,,,,,
HIVAN,HIV-associated nephropathy,chronic,x,,,,,,,,
,Idiopathic hypercalciuria,chronic,x,,,,,,,,
DM,Diabetes mellitus,chronic,x,,,,,,,,
HL,Hodgkin lymphoma,chronic,x,,,,,,,,
,Intracardiac thrombus,chronic,x,,,,,,,,
,Pancreas divisum,chronic,x,,,,,,,,
,Hemoglobin SC disease,chronic ,x,,,,,,,,
,Abnormal uterine bleeding,either or,,,,,,,,,
,Abortion,either or,,,,,,,,,
,Abruptio placentae,either or,,,,,,,,,
ADEM,Acute disseminated encephalomyelitis,either or,x,,,,,,,,
AIDP,"Acute inflammatory demyelinating polyneuropathy, Acute inflammatory demyelinating polyradiculoneuropathy ",either or,x,,,,,,,,
AIP,Acute intermittent porphyria,either or,x,,,,,,,,
AIN,Acute interstitial nephritis,either or,x,,,,,,,,
ALL,Acute lymphocytic leukemia,either or,x,,,,,,,,
AML,"Acute myeloid leukemia, Acute myelogenous leukemia",either or,x,,,,,,,,
APML,Acute promyelocytic leukemia,either or,x,,,,,,,,
ACUP,Adenocarcinoma of unknown primary,either or,x,,,,,,,,
ABPA,Allergic bronchopulmonary aspergillosis,either or,x,,,,,,,,
,Allergic rhinitis,either or,,,,,,,,,
,Alopecia areata,either or,,,,,,,,,
,Amnesia,either or,x,,,,,,,,
,Anemia,chronic,,,,HGB,HGB,No overt signs of bleeding ***,Monitor for now,IDA,HGB
,Angioedema,either or,x,,,,,,,,
,Anosmia,either or,x,,,,,,,,
Anti-GBM disease,"Anti-glomerular basement membrane disease, Goodpasture syndrome, Goodpasture disease",either or,x,,,,,,,,
,Aphasia,either or,,,,,,,,,
,Aplastic anemia,either or,x,,,,,,,,
,Ascites,either or,,,,,,,"Low sodium diet [<2g/d], Paracentesis [6-8g/L of 25% of alb. if > 5L are removed]",,
,Aspergillosis,either or,x,,,,,,,,
,Atopic dermatitis,either or,x,,,,,,,,
AVB,Atrioventricular block,either or,x,,,,,,,,
,Atypical mycobacteria,either or,x,,,,,,,,
AIHA,Autoimmune hemolytic anemia,either or,x,,,,,,,,
AIH,Autoimmune hepatitis,either or,x,,,,,,,,
AVNRT,"AV nodal reentry tachycardia, atrioventricular nodal reentrant tachycardia",either or,x,,,,,,,,
,Blast crisis,either or,,,,,,,,,
,Blastomycosis,either or,x,,,,,,,,
,Bovine spongiform encephalopathy,either or,x,,,,,,,,
BOOP,Bronchiolitis obliterans organizing pneumonia,either or,x,,,,,,,,
,"Buerger disease, Thromboangiitis obliterans",either or,x,,,,,,,,
C. diff,"Clostridium difficile, C. diff, Clostridioides difficile-associated disease, Pseudomembranous colitis",either or,x,,,,,,"- Start Rx with ***, Enteric precautions",,
CPPD,Calcium pyrophosphate deposition,either or,x,,,,,,,,
,Calcium pyrophosphate dihydrate deposition,either or,x,,,,,,,,
CVA,"Cerebrovascular accident, Stroke",chronic,x,,,,,,,,
,Cervical dystonia,either or,,,,,,,,,
,Cholelithiasis,either or,x,,,,,,,,
,Coccidioidomycosis,either or,x,,,,,,,,
,Common warts,either or,,,,,,,,,
,Costochondritis,either or,,,,,,,,,
,Cranial nerve mononeuropathy,either or,x,,,,,,,,
,Cryoglobulinemia,either or,x,,,,,,,,
COP,Cryptogenic organizing pneumonia,either or,x,,,,,,,,
DVT,Deep vein thrombosis,chronic,x,,,,,,,,
,Dermatophyte infections,either or,,,,,,,,,
,Dysfibrinogenemia,either or,x,,,,,,,,
,Dyshidrotic dermatitis,either or,,,,,,,,,
,Dysmenorrhea,either or,,,,,,,,,
,Dyspareunia,either or,,,,,,,,,
,Dyspepsia,either or,x,,,,,,,,
,Dysphagia,either or,,,,"HGB, MCV, RDW",HGB,,"NPO and IV fluids, Swallowing eval.",,
,Dystonia,either or,x,,,,,,,,
,Enterobiasis,either or,,,,,,,,,
,Eosinophilic myositis,either or,x,,,,,,,,
EBV,Epstein-Barr virus infection,either or,x,,,,,,,,
,Erythema nodosum,either or,x,,,,,,,,
,Fecal incontinence,either or,,,,,,,,,
,Felty syndrome,either or,x,,,,,,,,
FUO,Fever of unknown origin,either or,x,,,,,,,,
,Focal atrial tachycardia,either or,x,,,,,,,,
,Genital ulcers,either or,,,,,,,,,
,Genital warts,either or,,,,,,,,,
GCA,"Giant cell arteritis, temporal arteritis, Horton's disease, Cranial arteritis",either or,x,,,"ESR, CRP",,,,,"ESR, CRP"
,Giardiasis,either or,x,,,,,,,,
GVHD,Graft-versus-host disease,either or,x,,,,,,,,
,"H. pylori, Helicobacter pylori",either or,,,,,,,,,
,Hair loss,either or,,,,,,,,,
,Headache,either or,,,,,,,,,
,Portal vein thrombosis,either or,,,,,,,,Liver cirrhosis,
,Hearing loss,either or,,,,,,,,,
,"HELLP syndrome, Hemolysis, Elevated Liver enzymes and Low Platelets syndrome",either or,x,,,,,,,,
,Hematuria,either or,,,,"HGB, RBCUA, CREAT",HGB,"CT abdomen showing ***, Smoking history ***","Urology consult, H&H monitoring",,
,Hemolytic anemia,either or,x,,,,,,,,
," Budd-Chiari syndrome, Hepatic vein thrombosis",either or,x,,,,,,,,
HAV,Hepatitis A virus,either or,x,,,,,,,,
,Hip pain,either or,,,,,,,,,
,Hyperbilirubinemia,either or,,,,,,,,,
,,,,,,,,,,,
,Hypercalcemia of malignancy,either or,,"PTHI, PTHRP, VITAMINDTO",,"CA, CAIONIZED, ALBUMIN",CA,EKG showing ***,IV fluids [avoid LR],,
,Hypercoagulable state,either or,x,,,,,,,,
,Hypersensitivity pneumonitis,either or,x,,,,,,,,
,Intrahepatic cholestasis of pregnancy,either or,x,,,,,,,,
,Ischemic bowel disease,either or,x,,,,,,,,
,Ischemic stroke,either or,x,,,,,,,,
,Keratitis,either or,,,,,,,,,
,Leukocytosis ,either or,,,,,,,,,
,Leukopenia,either or,,,,,,,,,
,Listeriosis,either or,x,,,,,,,,
,Lyme disease,either or,x,,,,,,,,
,Malignant spinal cord compression,either or,,,,,,,,,
,Mastalgia,either or,,,,,,,,,
,"Medial collateral ligament injury, MCL injury",either or,,,,,,,,,
,Median nerve neuropathy,either or,,,,,,,,,
,Meniscal tear,either or,,,,,,,,,
,Metabolic acidosis,either or,,,,,,,,,
,Metabolic alkalosis,either or,,,,,,,,,
,Middle ear dysfunction,either or,,,,,,,,,
TIA,"Mini-stroke, Transient ischemic attack",either or,x,,,,,,,,
,Mobitz AV block,either or,x,,,,,,,,
,Mouth ulcers,either or,,,,,,,,,
MAT,"Multi-focal atrial tachycardia, multifocal atrial tachycardia",either or,x,,,,,,,,
,Musculoskeletal chest pain,either or,,,,,,,,,
,Musculoskeletal lower back pain,either or,,,,,,,,,
,Musculoskeletal sprains and strains,either or,,,,,,,,,
MAC,"Mycobacterium avium complex, Mycobacterium avium-intracellulare, MAC infection",either or,x,,,,,,,,
,Nephrotic syndrome,either or,x,,,,,,,,
,Neuroborreliosis,either or,,,,,,,,,
,Neurocysticercosis,either or,x,,,,,,,,
,Niacin deficiency,either or,x,,,,,,,,
TIA,Non-focal transient neurologic attack,either or,,,,,,,,,
NSVT,Nonsustained ventricular tachycardia,either or,x,,,,,,,,
,Obstructive uropathy,either or,x,,,,,,,,
,Onychomycosis,either or,,,,,,,,,
,Optic neuritis,either or,x,,,,,,,,
,"Oral aphthous ulcers, Canker sores",either or,,,,,,,,,
,Oral mucositis,either or,,,,,,,,,
,Oral ulcerations,either or,,,,,,,,,
,"Orthostatic hypotension, postural hypotension",either or,x,,,,,,,,
,Chronic osteomyelitis,chronic,x,"ESR, CRP","ESR, CRP",WBC,,,,,
,Osteoporotic spinal compression fractures,either or,,,,,,,,,
,Paralysis,either or,,,,,,,,,
,Parkinsonism,either or,x,,,,,,,,
,Paroxysmal atrial tachycardia,either or,x,,,,,,,,
PSVT,Paroxysmal supraventricular tachycardia,either or,x,,,,,,,,
,Patella tendonopathy,either or,,,,,,,,,
,Patellofemoral pain syndrome,either or,,,,,,,,,
PID,Pelvic inflammatory disease,either or,x,,,,,,,,
,Pelvic pain,either or,,,,,,,,,
,Pericardial effusion,either or,,,,,,,,,
,Plantar fasciitis,either or,,,,,,,,,
,Pleural effusion,either or,,,,,,,,,
,Pott disease,either or,,,,,,,,,
,Pre-excitation syndrome,either or,x,,,,,,,,
PVC,Premature ventricular contractions,either or,x,,,,,,,,
,Pressure ulcer,either or,x,,,,,,,,
,Priapism,either or,,,,,,,,,
,Prickly heat,either or,,,,,,,,,
,"Prolonged QT, Prolonged QTc, Long QT syndrome",chronic,,,,"K, MG",,,Monitor on telemetry,,
,Proteinuria,either or,,,,,,,,,
,Pruritus,either or,,,,,,,,,
,Pseudogout,either or,,,,,,,,,
,Psychogenic polydipsia,either or,x,,,,,,,,
,Psychosis,either or,x,,,,,,,,
,Acute Pulmonary embolism,either or,,,,"(BASETROP, 2HRTROP, 6HRTROP, PROBNPNTERMI), (DDIMERQUANT)",,"CTA of the chest showing ***, ECG showing ***, CXR showing ***, Hemodynamics: ***, Risk factors: ***,  PERT team: ***","Start heparin drip and monitor per protocol ,Echocardiogram, US of lower ext., Telemetry monitoring","cancer, DVT","BASETROP, 2HRTROP, 6HRTROP, PROBNPNTERMI"
Pulmonary TB,Pulmonary tuberculosis,either or,,,,,,,,,
,Purpura,either or,,,,,,,,,
,Rash,either or,,,,,,,,,
,Raynaud phenomenon,either or,x,,,,,,,,
RADS,Reactive airways disease,either or,,,,,,,,,
,Rectal pain,either or,,,,,,,,,
,Recurrent miscarriage,either or,,,,,,,,,
,Reflux esophagitis,either or,,,,,,,,,
,Respiratory acidosis,either or,,,,,,,,,
,Respiratory alkalosis,either or,,,,,,,,,
,Retinal detachment,either or,,,,,,,,,
,Retinal vein occlusion,either or,,,,,,,,,
,Rhinitis,either or,,,,,,,,,
,Rhinosinusitis,either or,,,,,,,,,
,Rosacea,either or,,,,,,,,,
,Sacroiliitis,either or,,,,,,,,,
,Salivary gland inflammation,either or,,,,,,,,,
,Spinal compression fractures,either or,x,,,,,,,,
,Spinal cord compression,either or,x,,,,,,,,
,Splenomegaly,either or,,,,,,,,,
,Subdural hematoma,either or,x,,,,,,,,
,Superficial vein thrombophlebitis,either or,,,,,,,,,
SVC syndrome,Superior vena cava syndrome,either or,x,,,,,,,,
SVT,Supraventricular tachycardia,either or,x,,,,,,,,
VT,Sustained ventricular tachycardias,either or,x,,,,,,,,
,Synovitis,either or,,,,,,,,,
,"Syphilis infection, Syphilis, Treponema pallidum infection",either or,x,,,,,,,,
,Tachycardia,either or,,,,,,,,,
,Tendinopathy,either or,,,,,,,,,
,Tendonitis,either or,,,,,,,,,
,Tennis elbow,either or,,,,,,,,,
,Tenosynovitis of the hand and wrist,either or,,,,,,,,,
,Thiamine deficiency,either or,x,,,,,,,,
,,,,,,,,,,,
,Toxoplasmosis,either or,x,,,,,,,,
,Transverse myelitis,either or,x,,,,,,,,
,Trismus,either or,,,,,,,,,
,Trypanosomiasis,either or,,,,,,,,,
TB,Tuberculosis,either or,x,,,,,,,,
,Tympanic membrane perforation,either or,,,,,,,,,
,Upper airway cough syndrome,either or,,,,,,,,,
UIP,Usual interstitial pneumonia,either or,,,,,,,,,
,Uterine bleeding,either or,,,,,,,,,
,Vasculitis,either or,x,,,"ESR, CRP","ESR, CRP",,Biopsy,,
VT,Ventricular tachycardias,either or,x,,,"(MG, K)",,,,,
,Vission loss,either or,,,,,,,,,
,Wenckebach heart block,either or,x,,,,,,,,
,Wernicke encephalopathy,either or,x,,,,,,,,
WCT,Wide complex tachycardia,either or,x,,,,,,,,
WPW syndrome,Wolff-Parkinson-White syndrome,either or,x,,,,,,,,
,Zygomatic fracture,either or,,,,,,,,,
,Peripartum cardiomyopathy,either or,x,,,,,,,,
,Blepharospasm,either or,,,,,,,,,
DU,Duodenal ulcer,either or,x,,,,,,,,
,"Gastric ulcer, Stomatch ulcer",either or,x,,,,,,,,
,Femoral hernia,either or,,,,,,,,,
,Postpartum psychosis,either or,,,,,,,,,
AVRT,"Atrioventricular reciprocating tachycardia, AV reciprocating tachycardia",either or,x,,,,,,,,
CAUTI,Catheter-associated urinary tract infection,either or,x,,,,,,,,
,Urinary retension,either or,,,,,,,,,
,Lupus nephritis,either or ,x,,,,,Type: ***,,,
,Opioid dependence,,,,,,,,,,
,,,,,,,,,,,
VHL syndrome,"Von Hippel-Lindau syndrome, Von Hippel-Lindau disease",chronic,x,,,,,,,,
,Pancreatic insufficiency,chronic,x,,,,,,,,
,Chronic respiratory failure,chronic,x,,,,,On home oxygen: *** baseline,Cont. with oxygen supplementation,,
,Fall,acute,,,,,,"LOC ***, Imaging showing ***","Fall precautions, PT/OT",,
,Cameron erosion,chronic,x,,,,,,,,
,Dieulafoy lesion,chronic,x,,,,,,,,
,"Portal gastropathy, portal hypertensive gastropathy",chronic,,,,,,,,,
,Boerhaave syndrome,acute,,,,"WBC, HGB, AMYLASE, LACTATE",,"Chest x-ray showing ***, CT chest showing ***","Pantoprazole IV, NPO and IV fluids, Antibiotic ***, CT surgery consult ***",alcohol use disorder,
,Suicidal ideation,acute,,,,,,,"Suicide precautions, Psychiatry evaluation",Major depressive disorder,
PE,Pulmonary embolism,chronic,x,,,,,,,,
,Alcoholic ketoacidosis,acute,,,,"GLUCOSE,ANIONGAP, CO2, PHBLOODPOC, K, MG, BETAHYDROXY",,,IV dextrose,,
,Transthyretin amyloid cardiomyopathy,chronic,x,,,,,,,,
,Milk-alkali syndrome,acute,,,,,,,,,
,Cushing disease,chronic,x,,,,,,,,
,"Liver adenoma, hepatic adenoma",chronic,,,,,,Size ***,,,
,Liver hemangioma,chronic,,,,,,,,,
,Choledocal cyst,chronic,,,,,,,,,
,"Von Gierke disease, Von Gierke glycogenesis",chronic,,,,,,,,,
,"Intraperitoneal bleeding, intraperitoneal hemorrhage",chronic,,,,,,,,liver adenoma,
FNH,Focal nodular hyperplasia,chronic,,,,,,,,,
,Liver mass,either or,,,,,,CT abdomen showing ***,,"liver adenoma, liver hemangioma, FNH, liver cirrhosis, HBV, HCV",
LV thrombus,"Left ventricular thrombus, LV thrombosis",either or,,,,,,,,,
IBS-C,Irritable bowel syndrome with constipation,chronic,x,,,,,,,,
IBS-D,Irritable bowel syndrome with diarrhea,chronic,x,,,,,,,,
,Chronic diarrhea,chronic,,,,,,,,,
,Porcelain gallbladder,chronic,,,,,,,,,
,Gallbladder polyps,chronic,,,,,,,,,
,Chronic cholecystitis,chronic,x,,,,,,,,
,Biliary colic,acute,,,,,,,,,
,Fibromuscular dysplasia,chronic,x,,,"CREAT, GFR",,,,,
,Cellulitis,acute,,,,,,,,,
,Diabetic ulcer,acute,,,,,,,,,
,Diverticulitis,acute,,,,,,,,,
,First-degree AV block,acute,,,,,,,,,
,Second-degree AV block,acute,,,,,,,,,
,Mobitz type 1,acute,,,,,,,,,
,Mobitz type 2,acute,,,,,,,,,
,2:1 AV block,acute,,,,,,,,,
,High-grade AV block,acute,,,,,,,,,
,"Third-degree AV block, Complete heart block, Complete AV block",acute,,,,,,,,,
s/p AVR,Aortic valve replacement,chronic,x,,,,,,,,
,Liver cirrhosis,chronic,x,,,,,,,,
,Hungry bone syndrome,acute,,,,,,,,,
,Acute pancreatitis,acute,,,,,,,,,
,Cancer,chronic,,,,,,,,,
CTEPH,Chronic thromboembolic pulmonary hypertension,chronic,x,,,,,,,,
,Lung nodule,chronic,,,,,,,To be followed as outpatient,,
,Prematura atrial contractions,either or,,,,,,,,,
MPA,Microscopic polyangiitis,chronic,x,,,,,,,,
,Hematoma,chronic,,,,,,,,,
,Hyperphosphatemia,acute,,,,,,,,,